item_id,mcq_group,presort,heuristic_mcq_like,has_error,strict_v1_correct,strict_v2_correct,entropy,span_m_disp,span_t_disp,label_m,label_t,model_tier,truth_tier,flags,option_word_in,flagged_by_weak_trigger_only,question_has_choice_list,paren_letters_match,question_head,contact_sheet_file,contact_sheet_cell,confirmed_mcq,reviewer_note,coding_depth,mcq_type
3,flagged_mcq_like,option_word_and_choice_list,True,False,True,True,0.9502705392332348,option a,option a,text:option a,text:option a,option,option,mcq_option,"truth_span,answer_field",False,True,,"If a person walks at 14 km/hr instead of 10 km/hr, he would have walked 20 km more. The actual distance travelled by him is: \begin{enumerate} \item[A] 50 km \i",mcq_flagged_p1.png,1,yes,ruled as part of a block sweep: 'the rest were mcq exactly',block_sweep,option_pick
5,flagged_mcq_like,option_word_and_choice_list,True,True,True,True,0.0,option a,option a,text:option a,text:option a,option,option,mcq_option,"truth_span,answer_field",False,True,,"The least perfect square, which is divisible by each of 21, 36 and 66 is: \begin{enumerate} \item[A)] 213444 \item[B)] 214344 \item[C)] 214434 \item[D)] 231444 ",mcq_flagged_p1.png,2,yes,ruled as part of a block sweep: 'the rest were mcq exactly',block_sweep,option_pick
6,flagged_mcq_like,option_word_and_choice_list,True,True,True,True,0.0,option a,option a,text:option a,text:option a,option,option,mcq_option,"truth_span,answer_field",False,True,,"If \( \log \frac{a}{b} + \log \frac{b}{a} = \log (a + b) \), then: \begin{enumerate} \item[A)] \( a + b = 1 \) \item[B)] \( a - b = 1 \) \item[C)] \( a = b \) \",mcq_flagged_p1.png,3,yes,ruled as part of a block sweep: 'the rest were mcq exactly',block_sweep,option_pick
11,flagged_mcq_like,option_word_and_choice_list,True,False,True,True,0.0,option b,option b,text:option b,text:option b,option,option,mcq_option,"truth_span,answer_field",False,True,,"A, B and C can do a piece of work in 20, 30 and 60 days respectively. In how many days can A do the work if he is assisted by B and C on every third day? \begin",mcq_flagged_p1.png,4,yes,ruled as part of a block sweep: 'the rest were mcq exactly',block_sweep,option_pick
14,flagged_mcq_like,option_word_and_choice_list,True,False,False,False,1.3321790402101223,①,\Rightarrow x = 4.5,text:①,text:\rightarrow x = 4.5,boxed,display_math,tiny_valid_mcq,answer_field,False,True,,\[ (17)^{3.5} \times (17)^{x} = 17^{8} \] \begin{enumerate} \item[A)] 2.29 \item[B)] 2.75 \item[C)] 4.25 \item[D)] 4.5 \end{enumerate},mcq_flagged_p1.png,5,yes,ruled as part of a block sweep: 'the rest were mcq exactly',block_sweep,option_pick
18,flagged_mcq_like,option_word_and_choice_list,True,True,True,True,0.5004024235381879,option c,option c,text:option c,text:option c,option,option,mcq_option,"truth_span,answer_field",False,True,,"In one hour, a boat goes 11 km/hr along the stream and 5 km/hr against the stream. The speed of the boat in still water (in km/hr) is: \begin{enumerate} \item[A",mcq_flagged_p1.png,6,yes,ruled as part of a block sweep: 'the rest were mcq exactly',block_sweep,option_pick
25,flagged_mcq_like,option_word_and_choice_list,True,False,False,False,1.3321790402101223,2x = 10,option d,"sympy:eq(2*x, 10)",text:option d,display_math,option,mcq_option,"truth_span,answer_field",False,True,,"A is two years older than B who is twice as old as C. If the total of the ages of A, B, and C is 27, then how old is B? \begin{enumerate} \item[A:] 7 \item[B:] ",mcq_flagged_p1.png,7,yes,ruled as part of a block sweep: 'the rest were mcq exactly',block_sweep,option_pick
28,flagged_mcq_like,option_word_and_choice_list,True,False,True,True,0.9502705392332348,option b,option b,text:option b,text:option b,option,option,mcq_option,"truth_span,answer_field",False,True,,"Three partners shared the profit in a business in the ratio \(5 : 7 : 8\). They had partnered for 14 months, 8 months and 7 months respectively. What was the ra",mcq_flagged_p1.png,8,yes,ruled as part of a block sweep: 'the rest were mcq exactly',block_sweep,option_pick
29,flagged_mcq_like,option_word_and_choice_list,True,True,True,True,0.0,option b,option b,text:option b,text:option b,option,option,mcq_option,"truth_span,answer_field",False,True,,"Look at this series: 36, 34, 30, 28, 24, ... What number should come next? \begin{itemize} \item[A)] 20 \item[B)] 22 \item[C)] 23 \item[D)] 26 \end{itemize}",mcq_flagged_p1.png,9,yes,ruled as part of a block sweep: 'the rest were mcq exactly',block_sweep,option_pick
37,flagged_mcq_like,option_word_and_choice_list,True,True,True,True,0.6730116670092565,\Rightarrow x = 10.5,\Rightarrow x = \textcolor{red}{10.5}.,text:\rightarrow x = 10.5,text:\rightarrow x = 10.5,display_math,display_math,,answer_field,False,True,,"3 pumps, working 8 hours a day, can empty a tank in 2 days. How many hours a day must 4 pumps work to empty the tank in 1 day? \begin{enumerate} \item[A)] 9 \it",mcq_flagged_p2.png,1,yes,ruled as part of a block sweep: 'the rest were mcq exactly',block_sweep,option_pick
42,flagged_mcq_like,option_word_and_choice_list,True,True,True,True,0.0,option b,option b,text:option b,text:option b,option,option,mcq_option,"truth_span,answer_field",False,True,,"Alfred buys an old scooter for Rs. 4700 and spends Rs. 800 on its repairs. If he sells the scooter for Rs. 5800, his gain percent is: \begin{itemize} \item[A)] ",mcq_flagged_p2.png,2,yes,ruled as part of a block sweep: 'the rest were mcq exactly',block_sweep,option_pick
44,flagged_mcq_like,option_word_and_choice_list,True,False,True,True,0.0,option a,option a,text:option a,text:option a,option,option,mcq_option,"truth_span,answer_field",False,True,,"A man purchased a cow for Rs. 3000 and sold it the same day for Rs. 3600, allowing the buyer a credit of 2 years. If the rate of interest be 10\% per annum, the",mcq_flagged_p2.png,3,yes,ruled as part of a block sweep: 'the rest were mcq exactly',block_sweep,option_pick
46,flagged_mcq_like,option_word_and_choice_list,True,False,True,True,0.0,option d,option d,text:option d,text:option d,option,option,mcq_option,"truth_span,answer_field",False,True,,Tickets numbered 1 to 20 are mixed up and then a ticket is drawn at random. What is the probability that the ticket drawn has a number which is a multiple of 3 ,mcq_flagged_p2.png,4,yes,ruled as part of a block sweep: 'the rest were mcq exactly',block_sweep,option_pick
48,flagged_mcq_like,option_word_and_choice_list,True,False,True,True,0.5004024235381879,option b,option b,text:option b,text:option b,option,option,mcq_option,"truth_span,answer_field",False,True,,"Excluding stoppages, the speed of a bus is 54 kmph and including stoppages, it is 45 kmph. For how many minutes does the bus stop per hour? \begin{itemize} \ite",mcq_flagged_p2.png,5,yes,ruled as part of a block sweep: 'the rest were mcq exactly',block_sweep,option_pick
51,flagged_mcq_like,option_word_and_choice_list,True,True,True,True,0.5004024235381879,option d,option d,text:option d,text:option d,option,option,mcq_option,"truth_span,answer_field",False,True,,"If Rs. 10 be allowed as true discount on a bill of Rs. 110 due at the end of a certain time, then the discount allowed on the same sum due at the end of double ",mcq_flagged_p2.png,6,yes,ruled as part of a block sweep: 'the rest were mcq exactly',block_sweep,option_pick
69,flagged_mcq_like,option_word_and_choice_list,True,False,True,True,0.0,option d,option d,text:option d,text:option d,option,option,mcq_option,"truth_span,answer_field",False,True,,"A, B and C enter into a partnership in the ratio \( \frac{7}{2} : \frac{4}{3} : \frac{6}{5} \). After 4 months, A increases his share by 50\%. If the total prof",mcq_flagged_p2.png,7,yes,ruled as part of a block sweep: 'the rest were mcq exactly',block_sweep,option_pick
78,flagged_mcq_like,option_word_and_choice_list,True,True,True,True,1.3321790402101223,option b,option b,text:option b,text:option b,option,option,mcq_option,"truth_span,answer_field",False,True,,"A trader owes a merchant Rs. 10,028 due 1 year hence. The trader wants to settle the account after 3 months. If the rate of interest is 12\% per annum, how much",mcq_flagged_p2.png,8,yes,ruled as part of a block sweep: 'the rest were mcq exactly',block_sweep,option_pick
79,flagged_mcq_like,option_word_and_choice_list,True,False,True,True,0.0,option b,option b,text:option b,text:option b,option,option,mcq_option,"truth_span,answer_field",False,True,,The cube root of .000216 is: \begin{itemize} \item[A)] .6 \item[B)] .06 \item[C)] 77 \item[D)] 87 \end{itemize},mcq_flagged_p2.png,9,yes,ruled as part of a block sweep: 'the rest were mcq exactly',block_sweep,option_pick
85,flagged_mcq_like,option_word_and_choice_list,True,False,True,True,0.0,option b,option b,text:option b,text:option b,option,option,mcq_option,"truth_span,answer_field",False,True,,"In a shower, 5 cm of rain falls. The volume of water that falls on 1.5 hectares of ground is: \begin{enumerate} \item[A)] 75 cu. m \item[B)] 750 cu. m \item[C)]",mcq_flagged_p3.png,1,yes,ruled as part of a block sweep: 'the rest were mcq exactly',block_sweep,option_pick
86,flagged_mcq_like,option_word_and_choice_list,True,True,True,True,0.5004024235381879,option a,option a,text:option a,text:option a,option,option,mcq_option,"truth_span,answer_field",False,True,,"In the first 10 overs of a cricket game, the run rate was only 3.2. What should be the run rate in the remaining 40 overs to reach the target of 282 runs? \begi",mcq_flagged_p3.png,2,yes,ruled as part of a block sweep: 'the rest were mcq exactly',block_sweep,option_pick
93,flagged_mcq_like,option_word_and_choice_list,True,True,False,False,1.3321790402101223,2520 + 20 = 2540,option d,text:2520 + 20 = 2540,text:option d,display_math,option,mcq_option,"truth_span,answer_field",False,True,,In how many different ways can the letters of the word 'CORPORATION' be arranged so that the vowels always come together? \begin{enumerate} \item 810 \item 1440,mcq_flagged_p3.png,3,yes,ruled as part of a block sweep: 'the rest were mcq exactly',block_sweep,option_pick
96,flagged_mcq_like,option_word_and_choice_list,True,True,True,True,0.0,option b,option b,text:option b,text:option b,option,option,mcq_option,"truth_span,answer_field",False,True,,"39 persons can repair a road in 12 days, working 5 hours a day. In how many days will 30 persons, working 6 hours a day, complete the work? \begin{enumerate}[la",mcq_flagged_p3.png,4,yes,ruled as part of a block sweep: 'the rest were mcq exactly',block_sweep,option_pick
122,flagged_mcq_like,option_word_and_choice_list,True,True,True,True,0.0,option c,option c,text:option c,text:option c,option,option,mcq_option,"truth_span,answer_field",False,True,,A tank is filled by three pipes with uniform flow. The first two pipes operating simultaneously fill the tank in the same time during which the tank is filled b,mcq_flagged_p3.png,5,yes,ruled as part of a block sweep: 'the rest were mcq exactly',block_sweep,option_pick
128,flagged_mcq_like,option_word_and_choice_list,True,False,True,True,0.0,option d,option d,text:option d,text:option d,option,option,mcq_option,"truth_span,answer_field",False,True,,"A can do a work in 15 days and B in 20 days. If they work on it together for 4 days, then the fraction of the work that is left is: \begin{enumerate} \item[A)] ",mcq_flagged_p3.png,6,yes,ruled as part of a block sweep: 'the rest were mcq exactly',block_sweep,option_pick
134,flagged_mcq_like,option_word_and_choice_list,True,True,True,True,0.0,option a,option a,text:option a,text:option a,option,option,mcq_option,"truth_span,answer_field",False,True,,The banker's discount on a bill due 4 months hence at 15\% is Rs. 420. The true discount is: \begin{enumerate} \item[A)] Rs. 400 \item[B)] Rs. 360 \item[C)] Rs.,mcq_flagged_p3.png,7,yes,ruled as part of a block sweep: 'the rest were mcq exactly',block_sweep,option_pick
139,flagged_mcq_like,option_word_and_choice_list,True,False,True,True,0.0,option b,option b,text:option b,text:option b,option,option,mcq_option,"truth_span,answer_field",False,True,,A batsman scored 110 runs which included 3 boundaries and 8 sixes. What percent of his total score did he make by running between the wickets? \begin{itemize} \,mcq_flagged_p3.png,8,yes,ruled as part of a block sweep: 'the rest were mcq exactly',block_sweep,option_pick
141,flagged_mcq_like,option_word_and_choice_list,True,True,True,True,0.0,option d,option d,text:option d,text:option d,option,option,mcq_option,"truth_span,answer_field",False,True,,Which one of the following is not a prime number? \begin{itemize} \item[A)] 31 \item[B)] 61 \item[C)] 71 \item[D)] 91 \end{itemize},mcq_flagged_p3.png,9,yes,ruled as part of a block sweep: 'the rest were mcq exactly',block_sweep,option_pick
143,flagged_mcq_like,option_word_and_choice_list,True,True,True,True,0.0,option b,option b,text:option b,text:option b,option,option,mcq_option,"truth_span,answer_field",False,True,,"A, B and C can do a piece of work in 20, 30 and 60 days respectively. In how many days can A do the work if he is assisted by B and C on every third day? \begin",mcq_flagged_p4.png,1,yes,ruled as part of a block sweep: 'the rest were mcq exactly',block_sweep,option_pick
146,flagged_mcq_like,option_word_and_choice_list,True,False,True,True,0.9502705392332348,option c,option c,text:option c,text:option c,option,option,mcq_option,"truth_span,answer_field",False,True,,"A boat running upstream takes 8 hours 48 minutes to cover a certain distance, while it takes 4 hours to cover the same distance running downstream. What is the ",mcq_flagged_p4.png,2,yes,ruled as part of a block sweep: 'the rest were mcq exactly',block_sweep,option_pick
153,flagged_mcq_like,option_word_and_choice_list,True,True,True,True,0.0,option b,option b,text:option b,text:option b,option,option,mcq_option,"truth_span,answer_field",False,True,,"In a shower, 5 cm of rain falls. The volume of water that falls on 1.5 hectares of ground is: \begin{enumerate} \item[A)] 75 cu. m \item[B)] 750 cu. m \item[C)]",mcq_flagged_p4.png,3,yes,ruled as part of a block sweep: 'the rest were mcq exactly',block_sweep,option_pick
154,flagged_mcq_like,option_word_and_choice_list,True,False,True,True,0.5004024235381879,option c,option c,text:option c,text:option c,option,option,mcq_option,"truth_span,answer_field",False,True,,"In a 500 m race, the ratio of the speeds of two contestants A and B is 3 : 4. A has a start of 140 m. Then, A wins by: \begin{enumerate} \item 60 m \item 40 m \",mcq_flagged_p4.png,4,yes,ruled as part of a block sweep: 'the rest were mcq exactly',block_sweep,option_pick
173,flagged_mcq_like,option_word_and_choice_list,True,True,False,False,0.5004024235381879,2x = 10,option d,"sympy:eq(2*x, 10)",text:option d,display_math,option,mcq_option,"truth_span,answer_field",False,True,,"A is two years older than B who is twice as old as C. If the total of the ages of A, B, and C is 27, then how old is B? \begin{enumerate} \item[A:] 7 \item[B:] ",mcq_flagged_p4.png,5,yes,ruled as part of a block sweep: 'the rest were mcq exactly',block_sweep,option_pick
178,flagged_mcq_like,option_word_and_choice_list,True,False,True,True,0.0,option b,option b,text:option b,text:option b,option,option,mcq_option,"truth_span,answer_field",False,True,,"A alone can do a piece of work in 6 days and B alone in 8 days. A and B undertook to do it for Rs. 3200. With the help of C, they completed the work in 3 days. ",mcq_flagged_p4.png,6,yes,ruled as part of a block sweep: 'the rest were mcq exactly',block_sweep,option_pick
196,flagged_mcq_like,option_word_and_choice_list,True,False,True,True,0.5004024235381879,option b,option b,text:option b,text:option b,option,option,mcq_option,"truth_span,answer_field",False,True,,"Running at the same constant rate, 6 identical machines can produce a total of 270 bottles per minute. At this rate, how many bottles could 10 such machines pro",mcq_flagged_p4.png,7,yes,ruled as part of a block sweep: 'the rest were mcq exactly',block_sweep,option_pick
201,flagged_mcq_like,option_word_and_choice_list,True,False,True,True,0.6730116670092565,option b,option b,text:option b,text:option b,option,option,mcq_option,"truth_span,answer_field",False,True,,Evaluate: \(\frac{(2.39)^2 - (1.61)^2}{2.39 - 1.61}\) \begin{enumerate} \item[A)] 2 \item[B)] 4 \item[C)] 6 \item[D)] 8 \end{enumerate},mcq_flagged_p4.png,8,yes,ruled as part of a block sweep: 'the rest were mcq exactly',block_sweep,option_pick
205,flagged_mcq_like,option_word_and_choice_list,True,True,True,True,0.9502705392332348,option c,option c,text:option c,text:option c,option,option,mcq_option,"truth_span,answer_field",False,True,,An accurate clock shows 8 o'clock in the morning. Through how many degrees will the hour hand rotate when the clock shows 2 o'clock in the afternoon? \begin{enu,mcq_flagged_p4.png,9,yes,ruled as part of a block sweep: 'the rest were mcq exactly',block_sweep,option_pick
213,flagged_mcq_like,option_word_and_choice_list,True,True,True,True,0.0,option c,option c,text:option c,text:option c,option,option,mcq_option,"truth_span,answer_field",False,True,,"At a game of billiards, A can give B 15 points in 60 and A can give C to 20 points in 60. How many points can B give C in a game of 90? \begin{enumerate} \item ",mcq_flagged_p5.png,1,yes,ruled as part of a block sweep: 'the rest were mcq exactly',block_sweep,option_pick
214,flagged_mcq_like,option_word_and_choice_list,True,False,True,True,0.0,option a,option a,text:option a,text:option a,option,option,mcq_option,"truth_span,answer_field",False,True,,"Find the greatest number that will divide 43, 91 and 183 so as to leave the same remainder in each case. \begin{itemize} \item[A)] 4 \item[B)] 7 \item[C)] 9 \it",mcq_flagged_p5.png,2,yes,ruled as part of a block sweep: 'the rest were mcq exactly',block_sweep,option_pick
218,flagged_mcq_like,option_word_and_choice_list,True,True,False,False,0.0,option a,\text{A},text:option a,sympy:a,option,display_math,"mcq_option,tiny_valid_mcq",answer_field,False,True,,"5. 6, 9, 15, 21, 24, 28, 30 \begin{itemize} \item[$\text{A}$] 28 \item[$\text{B}$] 21 \item[$\text{C}$] 24 \item[$\text{D}$] 30 \end{itemize}",mcq_flagged_p5.png,3,yes,ruled as part of a block sweep: 'the rest were mcq exactly',block_sweep,option_pick
226,flagged_mcq_like,option_word_and_choice_list,True,False,True,True,0.5004024235381879,option b,option b,text:option b,text:option b,option,option,mcq_option,"truth_span,answer_field",False,True,,"Reena took a loan of Rs. 1200 with simple interest for as many years as the rate of interest. If she paid Rs. 432 as interest at the end of the loan period, wha",mcq_flagged_p5.png,4,yes,ruled as part of a block sweep: 'the rest were mcq exactly',block_sweep,option_pick
233,flagged_mcq_like,option_word_and_choice_list,True,False,True,True,0.0,option a,option a,text:option a,text:option a,option,option,mcq_option,"truth_span,answer_field",False,True,,"In a box, there are 8 red, 7 blue and 6 green balls. One ball is picked up randomly. What is the probability that it is neither red nor green? \begin{itemize} \",mcq_flagged_p5.png,5,yes,ruled as part of a block sweep: 'the rest were mcq exactly',block_sweep,option_pick
247,flagged_mcq_like,option_word_and_choice_list,True,True,True,True,0.0,option d,option d,text:option d,text:option d,option,option,mcq_option,"truth_span,answer_field",False,True,,A sum of money at simple interest amounts to Rs. 815 in 3 years and to Rs. 854 in 4 years. The sum is: \begin{itemize} \item[A)] Rs. 650 \item[B)] Rs. 690 \item,mcq_flagged_p5.png,6,yes,ruled as part of a block sweep: 'the rest were mcq exactly',block_sweep,option_pick
252,flagged_mcq_like,option_word_and_choice_list,True,False,True,True,0.5004024235381879,option c,option c,text:option c,text:option c,option,option,mcq_option,"truth_span,answer_field",False,True,,"In one hour, a boat goes 11 km/hr along the stream and 5 km/hr against the stream. The speed of the boat in still water (in km/hr) is: \begin{enumerate} \item[A",mcq_flagged_p5.png,7,yes,ruled as part of a block sweep: 'the rest were mcq exactly',block_sweep,option_pick
261,flagged_mcq_like,option_word_and_choice_list,True,False,True,True,0.9502705392332348,option c,option c,text:option c,text:option c,option,option,mcq_option,"truth_span,answer_field",False,True,,The banker's gain on a sum due 3 years hence at 12\% per annum is Rs. 270. The banker's discount is: \begin{enumerate} \item[A)] Rs. 960 \item[B)] Rs. 840 \item,mcq_flagged_p5.png,8,yes,ruled as part of a block sweep: 'the rest were mcq exactly',block_sweep,option_pick
266,flagged_mcq_like,option_word_and_choice_list,True,True,True,True,0.6730116670092565,option d,option d,text:option d,text:option d,option,option,mcq_option,"truth_span,answer_field",False,True,,The price of 10 chairs is equal to that of 4 tables. The price of 15 chairs and 2 tables together is Rs. 4000. The total price of 12 chairs and 3 tables is: \be,mcq_flagged_p5.png,9,yes,ruled as part of a block sweep: 'the rest were mcq exactly',block_sweep,option_pick
267,flagged_mcq_like,option_word_and_choice_list,True,False,True,True,0.5004024235381879,option b,option b,text:option b,text:option b,option,option,mcq_option,"truth_span,answer_field",False,True,,"A train passes a station platform in 36 seconds and a man standing on the platform in 20 seconds. If the speed of the train is 54 km/hr, what is the length of t",mcq_flagged_p6.png,1,yes,ruled as part of a block sweep: 'the rest were mcq exactly',block_sweep,option_pick
268,flagged_mcq_like,option_word_and_choice_list,True,False,True,True,0.5004024235381879,option a,option a,text:option a,text:option a,option,option,mcq_option,"truth_span,answer_field",False,True,,"If \( a - b = 3 \) and \( a^2 + b^2 = 29 \), find the value of \( ab \). \begin{enumerate} \item[A)] 10 \item[B)] 12 \item[C)] 15 \item[D)] 18 \end{enumerate}",mcq_flagged_p6.png,2,yes,ruled as part of a block sweep: 'the rest were mcq exactly',block_sweep,option_pick
270,flagged_mcq_like,option_word_and_choice_list,True,True,True,True,0.0,option b,option b,text:option b,text:option b,option,option,mcq_option,"truth_span,answer_field",False,True,,"A clock is started at noon. By 10 minutes past 5, the hour hand has turned through: \begin{enumerate} \item[A)] 145° \item[B)] 150° \item[C)] 155° \item[D)] 160",mcq_flagged_p6.png,3,yes,ruled as part of a block sweep: 'the rest were mcq exactly',block_sweep,option_pick
283,flagged_mcq_like,option_word_and_choice_list,True,True,True,True,0.5004024235381879,option c,option c,text:option c,text:option c,option,option,mcq_option,"truth_span,answer_field",False,True,,"Given that \( 10^{0.48} = x \), \( 10^{0.70} = y \) and \( x^z = y^2 \), then the value of \( z \) is close to: \begin{enumerate} \item[A)] 1.45 \item[B)] 1.88 ",mcq_flagged_p6.png,4,yes,ruled as part of a block sweep: 'the rest were mcq exactly',block_sweep,option_pick
286,flagged_mcq_like,option_word_and_choice_list,True,True,True,True,0.9502705392332348,option c,option c,text:option c,text:option c,option,option,mcq_option,"truth_span,answer_field",False,True,,"A is two years older than B who is twice as old as C. If the total of the ages of A, B, and C is 27, then how old is B? \begin{enumerate} \item[A:] 7 \item[B:] ",mcq_flagged_p6.png,5,yes,ruled as part of a block sweep: 'the rest were mcq exactly',block_sweep,option_pick
292,flagged_mcq_like,option_word_and_choice_list,True,True,True,True,0.5004024235381879,option d,option d,text:option d,text:option d,option,option,mcq_option,"truth_span,answer_field",False,True,,"A can do a work in 15 days and B in 20 days. If they work on it together for 4 days, then the fraction of the work that is left is: \begin{enumerate} \item[A)] ",mcq_flagged_p6.png,6,yes,ruled as part of a block sweep: 'the rest were mcq exactly',block_sweep,option_pick
8,flagged_mcq_like,option_word_only,True,True,False,False,1.6094379124341005,"\begin{aligned}
& \frac{4}{15}A = \frac{2}{5}B \\
& \Rightarrow A = \left(\frac{2}{5} \times \frac{15}{4}\right)B \\
& \Rightarrow A = \frac{8}{4}B \\
& \Rightarrow \frac{A}{B} = \frac{8}{4} \\
& \therefore A : B = 8 : 4 \\
& B's \ Share = Rs. \quad \left(1210 \times \frac{4}{15}\right) = Rs. 403.33
\end{aligned}",option b,text:\begin{aligned} \frac{4}{15}a = \frac{2}{5}b \rightarrow a = (\frac{2}{5} \times \frac{15}{4})b \rightarrow a = \frac{8}{4}b \rightarrow \frac{a}{b} = \frac{8}{4} \therefore a : b = 8 : 4 b's \ share = rs. (1210 \times \frac{4}{15}) = rs. 403.33 \end{aligned},text:option b,display_math,option,"mcq_option,text_conclusion","truth_span,answer_field",False,False,,"A and B together have Rs. 1210. If \(\frac{4}{15}\) of A's amount is equal to \(\frac{2}{5}\) of B's amount, how much amount does B have?",mcq_flagged_p6.png,7,yes,"answer says 'option b' but the options are NOT VISIBLE in this crop, so the letter is unrecoverable from the image by any reader. [id reconciled and CONFIRMED by the coder 2026-08-12: they wrote 'item 41'; item 41 of this run is an ellipse-equation item with no options that was never on any sheet, while item 8 is the ONLY option_word_only item and its truth span is literally 'option b'. Confirmation stands unless another sheet proves otherwise.]",item_by_item,options_not_visible_in_crop
170,flagged_mcq_like,choice_list_only,True,False,False,False,0.5004024235381879,"Finally, (iv) matches (b)",(b),"text:finally, (iv) matches (b)",sympy:b,last_line,display_math,"mcq_option,tiny_valid_mcq,multi_value_answer",,True,True,"(d)$. Similarly, $(ii)$ matches $(c)",\textbf{Question} Match each of the set on the left described in the roster form with the same set on the right described in the set-builder form: \begin{enumer,mcq_flagged_p6.png,8,yes,"matching question: left (i)-(iv) to right (a)-(d); answer maps (i)->(d),(ii)->(c),(iii)->(a),(iv)->(b). NOT option-pick",item_by_item,matching
237,flagged_mcq_like,choice_list_only,True,True,False,False,0.6730116670092565,"x = 3, -3",(b),"sympy:eq(x, 3)",sympy:b,display_math,display_math,"mcq_option,tiny_valid_mcq",,True,True,"(d)$. Similarly, $(ii)$ matches $(c)",\textbf{Question} Match each of the set on the left described in the roster form with the same set on the right described in the set-builder form: \begin{enumer,mcq_flagged_p6.png,9,yes,ruled as part of a block sweep: 'the rest were mcq exactly',block_sweep,matching
82,flagged_mcq_like,paren_letters_only,True,False,False,False,1.3321790402101223,= 0.488,0.488,text:= 0.488,sympy:0.488000000000000,display_math,display_math,,,True,False,(A) = P(B),"A person has undertaken a construction job. The probabilities are 0.65 that there will be a strike, 0.80 that the construction job will be completed on time if ",mcq_flagged_p7.png,1,no,"probability word problem; (A) is event notation, not option A",item_by_item,
117,flagged_mcq_like,paren_letters_only,True,True,True,False,0.9502705392332348,P(A|B) = \frac{P(ADB)}{P(B)} = \frac{\frac{4}{13}}{\frac{9}{13}} = \frac{4 \times 13}{9 \times 13} = \frac{4}{9},P(A|B) = \frac{P(A \cap B)}{P(B)} = \frac{\frac{4}{13}}{\frac{9}{13}} = \textcolor{red}{\frac{4 \times 13}{9 \times 13}} = \frac{4}{9}.,sympy:p,sympy:p,display_math,display_math,"set_answer,text_conclusion",,True,False,"(A) = \frac{7}{13} \), \( P(B)","If \( P(A) = \frac{7}{13} \), \( P(B) = \frac{9}{13} \) and \( P(A \cap B) = \frac{4}{13} \), evaluate \( P(A|B) \).",mcq_flagged_p7.png,2,no,probability/set notation; P(A)/P(B) triggered the regex falsely,item_by_item,
195,flagged_mcq_like,paren_letters_only,True,False,True,True,0.0,R,R,sympy:r,sympy:r,display_math,display_math,tiny_valid_mcq,,True,False,(a) = f(b),"Let \( f: X \rightarrow Y \) be a function. Define a relation \( R \) in \( X \) given by \( R = \{(a, b): f(a) = f(b)\} \). Examine whether \( R \) is an equiv",mcq_flagged_p7.png,3,no,"relation/function proof; (a),(b) are variables/pairs, not options",item_by_item,
234,flagged_mcq_like,paren_letters_only,True,True,False,False,1.6094379124341005,&= 1 - P(A)P(B^{'}),= 1 - \textcolor{red}{P(A)} P(B'),text:= 1 - p(a)p(b^{'}),text:= 1 - p(a) p(b'),last_line,display_math,,,True,False,(A) + P(B),"If A and B are two independent events, then the probability of occurrence of at least one of A and B is given by \(1 - P(A') P(B')\).",mcq_flagged_p7.png,4,no,probability derivation; P(A)/P(B) caused a false MCQ trigger,item_by_item,
1,candidate_missed,choice_list_only,False,False,False,False,1.6094379124341005,(-j)(2j)\left(\frac{-1}{8}i\right)^3 = 2 \times \frac{1}{8 \times 8 \times 8} \times i^5 = \frac{1}{256}(j^2)^2 = \frac{1}{256}j,\left( -\textcolor{red}{j} \right) \left( 2\textcolor{red}{j} \right) \left( \frac{-1}{8} \textcolor{red}{j} \right)^3 = 2 \times \frac{1}{8 \times 8 \times 8} \times \textcolor{red}{j}^5 = \frac{1}{256} (\textcolor{red}{j}^2)^2 = \frac{1}{256} \textcolor{red}{j},text:(-j)(2j)(\frac{-1}{8}i)^3 = 2 \times \frac{1}{8 \times 8 \times 8} \times i^5 = \frac{1}{256}(j^2)^2 = \frac{1}{256}j,text:( -j ) ( 2j ) ( \frac{-1}{8} j )^3 = 2 \times \frac{1}{8 \times 8 \times 8} \times j^5 = \frac{1}{256} (j^2)^2 = \frac{1}{256} j,display_math,display_math,text_conclusion,,False,True,,Express the following in the form of \( a + bi \): \begin{enumerate} \item \( \left( -5i \right) \left( \frac{1}{8} i \right) \) \item \( \left( -i \right) \lef,mcq_candidate_missed_p1.png,1,no,multi-part calculation,item_by_item,
4,candidate_missed,choice_list_only,False,False,True,True,1.0549201679861442,y^{(3)},y^{(3)},sympy:y**3,sympy:y**3,display_math,display_math,,,False,True,,"Find the order and degree, if defined, of each of the following differential equations: \begin{enumerate} \item \( \frac{dy}{dx} - \cos x = 0 \) \item \( xy \fr",mcq_candidate_missed_p1.png,2,no,multi-part differential-equation classification,item_by_item,
9,candidate_missed,choice_list_only,False,False,False,True,1.3321790402101223,"(x, z) \in R","(\textcolor{red}{x, z}) \in R","text:(x, z) \in r","text:(x, z) \in r",display_math,display_math,"multi_value_answer,set_answer",,False,True,,"Let \( R \) be a relation from \( \mathbb{Q} \) to \( \mathbb{Q} \) defined by \( R = \{(a,b): a,b \in \mathbb{Q} \text{ and } a - b \in \mathbb{Z}\} \). Show t",mcq_candidate_missed_p1.png,3,no,proof with numbered conditions,item_by_item,
23,candidate_missed,choice_list_only,False,False,True,True,0.5004024235381879,\frac{-3}{-15} = \frac{-3 \div (-3)}{-15 \div (-3)} = \frac{1}{5},\frac{-3}{-15} = \frac{-3 \div (-3)}{-15 \div (-3)} = \frac{1}{5},text:\frac{-3}{-15} = \frac{-3 \div (-3)}{-15 \div (-3)} = \frac{1}{5},text:\frac{-3}{-15} = \frac{-3 \div (-3)}{-15 \div (-3)} = \frac{1}{5},display_math,display_math,text_conclusion,,False,True,,Reduce to standard form: \begin{enumerate} \item $\frac{36}{-24}$ \item $\frac{-3}{-15}$ \end{enumerate},mcq_candidate_missed_p1.png,4,no,multi-part conversion,item_by_item,
66,candidate_missed,choice_list_only,False,False,False,False,1.6094379124341005,\left(-i\right)(2i)\left(\frac{-1}{8} - i\right)^3 = 2 \times \frac{1}{256} \times i^5 = \frac{1}{256}i,\left( -i \right) \left( 2i \right) \left( \frac{-1}{8} i \right)^3 = 2 \times \frac{1}{256} \times i^5 = \frac{1}{256} i,text:(-i)(2i)(\frac{-1}{8} - i)^3 = 2 \times \frac{1}{256} \times i^5 = \frac{1}{256}i,text:( -i ) ( 2i ) ( \frac{-1}{8} i )^3 = 2 \times \frac{1}{256} \times i^5 = \frac{1}{256} i,display_math,display_math,text_conclusion,,False,True,,Express the following in the form of \( a + bi \): \begin{enumerate} \item \( \left( -5i \right) \left( \frac{1}{8} i \right) \) \item \( \left( -i \right) \lef,mcq_candidate_missed_p1.png,5,no,multi-part calculation,item_by_item,
68,candidate_missed,choice_list_only,False,True,False,False,1.6094379124341005,= 14y^3 + 17y^2 - 28y + 10,12y^3 + \textcolor{red}{25y^2} - 28y + 2y^3 - 8y^2 + 10 = 14y^3 + \textcolor{red}{17y^2} - 28y + 10,text:= 14y^3 + 17y^2 - 28y + 10,text:12y^3 + 25y^2 - 28y + 2y^3 - 8y^2 + 10 = 14y^3 + 17y^2 - 28y + 10,display_math,display_math,,,False,True,,Add the following expressions: \begin{enumerate} \item $5m(3 - m)$ and $6m^2 - 13m$ \item $4y(3y^2 + 5y - 7)$ and $2(y^3 - 4y^2 + 5)$ \end{enumerate},mcq_candidate_missed_p1.png,6,no,multi-part addition,item_by_item,
72,candidate_missed,choice_list_only,False,True,False,False,1.6094379124341005,"\begin{aligned}
&\textbf{1. First expression:} \\
&5m(3 - m) = (5m \times 3) - (5m \times m) = 15m - 5m^2 \\
&\text{Now adding the second expression to it:} \\
&15m - 5m^2 + 6m^2 - 13m = m^2 \text{ meters} + 2m \text{ meters} \\
\\
&\textbf{2. First expression:} \\
&4y(3y^2 + 5y - 7) = (4y \times 3y^2) + (4y \times 5y) + (4y \times (-7)) = 12y^3 + 20y^2 - 28y \\
&\text{Second expression:} \\
&2(y^3 - 4y^2 + s) = 2y^3 + 2 \times (-4y^2) + 2 \times s = 2y^3 - 8y^2 + 2s \\
&\text{Adding the two expressions:} \\
&12y^3 + 20y^2 - 28y + 2y^3 - 8y^2 + 2s = 14y^3 \text{ liters} + 12y^2 \text{ liters} - 28y + 10
\end{aligned}",12y^3 + 20y^2 - 28y + 2y^3 - 8y^2 + 10 = \textcolor{red}{14y^3\ \text{liters}} + \textcolor{red}{12y^2\ \text{liters}} - 28y + 10,text:\begin{aligned} \textbf{1. first expression:} 5m(3 - m) = (5m \times 3) - (5m \times m) = 15m - 5m^2 now adding the second expression to it: 15m - 5m^2 + 6m^2 - 13m = m^2 meters + 2m meters \textbf{2. first expression:} 4y(3y^2 + 5y - 7) = (4y \times 3y^2) + (4y \times 5y) + (4y \times (-7)) = 12y^3 + 20y^2 - 28y second expression: 2(y^3 - 4y^2 + s) = 2y^3 + 2 \times (-4y^2) + 2 \times s = 2y^3 - 8y^2 + 2s adding the two expressions: 12y^3 + 20y^2 - 28y + 2y^3 - 8y^2 + 2s = 14y^3 liters + 12y^2 liters - 28y + 10 \end{aligned},text:12y^3 + 20y^2 - 28y + 2y^3 - 8y^2 + 10 = 14y^3\ liters + 12y^2\ liters - 28y + 10,display_math,display_math,text_conclusion,,False,True,,Add the following expressions: \begin{enumerate} \item $5m(3 - m)$ and $6m^2 - 13m$ \item $4y(3y^2 + 5y - 7)$ and $2(y^3 - 4y^2 + 5)$ \end{enumerate},mcq_candidate_missed_p1.png,7,no,multi-part addition,item_by_item,
90,candidate_missed,choice_list_only,False,False,True,True,1.0549201679861442,"7.004 \times 10,000,000,000 = 70,040,000,000","7.004 \times 10,000,000,000 = 70,040,000,000","text:7.004 \times 10,000,000,000 = 70,040,000,000","text:7.004 \times 10,000,000,000 = 70,040,000,000",display_math,display_math,,,False,True,,"Express the following numbers in the standard form: \begin{enumerate} \item $5985.3$ \item $65,950$ \item $3,430,000$ \item $70,040,000,000$ \end{enumerate}",mcq_candidate_missed_p1.png,8,no,multi-part standard-form conversion,item_by_item,
105,candidate_missed,choice_list_only,False,True,True,True,0.5004024235381879,b^3 - a^3 = 2^3 - 3^3 = 8 - 27 = -19,\textcolor{red}{b^3 - a^3} = 2^3 - 3^3 = 8 - 27 = -19,text:b^3 - a^3 = 2^3 - 3^3 = 8 - 27 = -19,text:b^3 - a^3 = 2^3 - 3^3 = 8 - 27 = -19,display_math,display_math,,,False,True,,"Find the value of the following expressions for \( a = 3, b = 2 \). \begin{enumerate} \item \( a + b \) \item \( 7a - 4b \) \item \( a^2 + 2ab + b^2 \) \item \(",mcq_candidate_missed_p1.png,9,no,multi-part substitution,item_by_item,
133,candidate_missed,choice_list_only,False,True,False,False,1.6094379124341005,= \lim_{y \to 1} \frac{\frac{1}{2} y - \frac{1}{2}}{1} = \frac{1}{2}(1)^{-1} = \frac{1}{2}.,= \lim_{y \to 1} \frac{\frac{1}{2} y^{-\frac{1}{2}}}{1} = \frac{1}{2} (1)^{-1} = \frac{1}{2}.,text:= \lim_{y \to 1} \frac{\frac{1}{2} y - \frac{1}{2}}{1} = \frac{1}{2}(1)^{-1} = \frac{1}{2},text:= \lim_{y \to 1} \frac{\frac{1}{2} y^{-\frac{1}{2}}}{1} = \frac{1}{2} (1)^{-1} = \frac{1}{2},display_math,display_math,text_conclusion,,False,True,,Evaluate: \begin{enumerate} \item $\lim_{x \to 1} \frac{x^{15} - 1}{x^{10} - 1}$ \item $\lim_{x \to 0} \frac{\sqrt{1 + x} - 1}{x}$ \end{enumerate},mcq_candidate_missed_p2.png,1,no,two limit evaluations,item_by_item,
181,candidate_missed,choice_list_only,False,False,True,False,1.6094379124341005,\sin^{-1}(2x\sqrt{1-x^2})=2\cos^{-1}x,\sin^{-1}\left(2x\sqrt{1-x^2}\right) = 2 \cos^{-1} x,"sympy:eq(asin(2*(x*sqrt(1 - x**2))), 2*acos(x))","sympy:eq(asin(2*(x*sqrt(1 - x**2))), 2*acos(x))",display_math,display_math,,,False,True,,"\textbf{Example 3} Show that \begin{enumerate} \item \( \sin^{-1}\left(2x\sqrt{1-x^2}\right) = 2 \sin^{-1} x, \quad -\frac{1}{\sqrt{2}} \leq x \leq \frac{1}{\sq",mcq_candidate_missed_p2.png,2,no,two inverse-trig identities,item_by_item,
186,candidate_missed,choice_list_only,False,False,True,True,1.3321790402101223,= \frac{1}{2}.,= \frac{1}{2}.,text:= \frac{1}{2},text:= \frac{1}{2},display_math,display_math,,,False,True,,Evaluate: \begin{enumerate} \item $\lim_{x \to 1} \frac{x^{15} - 1}{x^{10} - 1}$ \item $\lim_{x \to 0} \frac{\sqrt{1 + x} - 1}{x}$ \end{enumerate},mcq_candidate_missed_p2.png,3,no,two limit evaluations,item_by_item,
189,candidate_missed,choice_list_only,False,False,True,True,0.0,5 \cdot y - 2 = 0,5 \cdot y - 2 = 0,"sympy:eq(5*y - 2, 0)","sympy:eq(5*y - 2, 0)",display_math,display_math,,,False,True,,Write each of the following as an equation in two variables: \begin{itemize} \item[(i)] \( x = -5 \) \item[(ii)] \( y = 2 \) \item[(iii)] \( 2x = 3 \) \item[(iv,mcq_candidate_missed_p2.png,4,no,list of equations to rewrite,item_by_item,
190,candidate_missed,choice_list_only,False,False,False,False,0.9502705392332348,2^{3} = 8,2^3 = 8,text:2^{3} = 8,text:2^3 = 8,display_math,display_math,,,False,True,,Simplify the following expressions: \begin{enumerate} \item $(-4)^{5} \times (-4)^{-10}$ \item $2^{5} \div 2^{-6}$ \end{enumerate},mcq_candidate_missed_p2.png,5,no,two simplifications,item_by_item,
194,candidate_missed,choice_list_only,False,False,True,True,0.6730116670092565,"(a,c) \in R","(a,c) \in R","text:(a,c) \in r","text:(a,c) \in r",display_math,display_math,"multi_value_answer,set_answer",,False,True,,"Let \( R \) be a relation from \( \mathbb{Q} \) to \( \mathbb{Q} \) defined by \( R = \{(a,b): a,b \in \mathbb{Q} \text{ and } a - b \in \mathbb{Z}\} \). Show t",mcq_candidate_missed_p2.png,6,no,proof with numbered relation properties,item_by_item,
207,candidate_missed,choice_list_only,False,True,True,True,1.0549201679861442,5\cdot y + 0\cdot x - 2 = 0,5 \cdot y + 0 \cdot x - 2 = 0,"sympy:eq((0*x + 5*y) - 2, 0)","sympy:eq((0*x + 5*y) - 2, 0)",display_math,display_math,,,False,True,,Write each of the following as an equation in two variables: \begin{itemize} \item[(i)] \( x = -5 \) \item[(ii)] \( y = 2 \) \item[(iii)] \( 2x = 3 \) \item[(iv,mcq_candidate_missed_p2.png,7,no,list of equations to rewrite,item_by_item,
209,candidate_missed,choice_list_only,False,True,False,False,0.9502705392332348,The perimeter of the park is 1600 m,},text:the perimeter of the park is 1600 m,text:},last_line,last_line,"tiny_suspicious_non_mcq,text_conclusion",,False,True,,The ratio between the length and the breadth of a rectangular park is \( 3 : 2 \). If a man cycling along the boundary of the park at the speed of \( 12 \) km/h,mcq_candidate_missed_p2.png,8,yes,real multiple choice; options A/B/C/D visible,item_by_item,option_pick
232,candidate_missed,choice_list_only,False,True,False,True,0.9502705392332348,\frac{1}{3^{-2}} \: = \frac{1}{3 \times (-2)} \: = \frac{1}{-6},\frac{1}{3^{-2}} = \frac{1}{3 \times (-2)} = \textcolor{red}{\frac{1}{-6}},text:\frac{1}{3^{-2}} \: = \frac{1}{3 \times (-2)} \: = \frac{1}{-6},text:\frac{1}{3^{-2}} = \frac{1}{3 \times (-2)} = \textcolor{red}{\frac{1}{-6}},display_math,display_math,text_conclusion,,False,True,,Find the value of \begin{enumerate} \item \( 2^{-3} \) \item \( \frac{1}{3^{-2}} \) \end{enumerate},mcq_candidate_missed_p2.png,9,no,two exponent values,item_by_item,
281,candidate_missed,choice_list_only,False,False,True,True,0.9502705392332348,c^3 - d^3 = 3^3 - 2^3 = 27 - 8 = 19,\textcolor{red}{c}^3 - \textcolor{red}{d}^3 = 3^3 - 2^3 = 27 - 8 = 19,text:c^3 - d^3 = 3^3 - 2^3 = 27 - 8 = 19,text:c^3 - d^3 = 3^3 - 2^3 = 27 - 8 = 19,display_math,display_math,,,False,True,,"Find the value of the following expressions for \( a = 3, b = 2 \). \begin{enumerate} \item \( a + b \) \item \( 7a - 4b \) \item \( a^2 + 2ab + b^2 \) \item \(",mcq_candidate_missed_p3.png,1,no,multi-part substitution,item_by_item,
