item_id,image_path,priority,span_m_disp,span_t_disp,label_m,label_t,strict_v1_correct,strict_v2_correct,rules_disagree,sympy_partial_parse_risk,sympy_malformed_derivative,multi_answer_collapse,mcq_option,tiny_valid_mcq,tiny_suspicious_non_mcq,multi_value_answer,set_answer,system_answer,derivative_equation,text_conclusion,final_label,confidence,note,extraction_status,coded_explicitly
34,images/item034.png,high,0 = 9,"0 = 9,",text:0 = 9,"text:0 = 9,",False,True,True,False,False,False,False,False,True,False,False,False,False,False,true_correct,medium,coder swept as okay: the model answer is correct and the extraction/label is correct enough.,extraction_ok,False
285,images/item285.png,high,"3, 4, 5, 6, 7, ...","3, 4, 5, 6, 7, \ldots",sympy:3,sympy:3,True,False,True,False,False,True,False,False,False,True,False,False,False,False,true_correct,high,"span complete; SymPy gives only 3, incomplete. Span-primary match is real.",extraction_ok,True
2,images/item002.png,high,40^\circ 20' = \frac{1210}{540} \text{ radians}.,40^\circ 20' = \frac{121\textcolor{red}{\theta}}{540} \text{ radian}.,sympy:40**circ*20,sympy:40**circ*20,True,False,True,False,False,False,False,False,False,False,False,False,False,True,true_correct,medium,coder swept as okay: the model answer is correct and the extraction/label is correct enough.,extraction_ok,False
9,images/item009.png,high,"(x, z) \in R","(\textcolor{red}{x, z}) \in R","text:(x, z) \in r","text:(x, z) \in r",False,True,True,False,False,False,False,False,False,True,True,False,False,False,true_correct,medium,coder swept as okay: the model answer is correct and the extraction/label is correct enough.,extraction_ok,False
24,images/item024.png,high,10^6,10^{6},sympy:10**6,sympy:10**6,True,False,True,False,False,False,False,False,False,False,False,False,False,False,extraction_issue,high,span is only 10^6; the answer is 4050000 = 4.05 x 10^6 -- the coefficient is missing.,extraction_issue,True
53,images/item053.png,high,nC_{17} = 18C_{17} = 18,nC_{17} = \textcolor{red}{18C_{17}} = 18.,text:nc_{17} = 18c_{17} = 18,text:nc_{17} = \textcolor{red}{18c_{17}} = 18,False,True,True,False,False,False,False,False,False,False,False,False,False,False,true_correct,medium,coder swept as okay: the model answer is correct and the extraction/label is correct enough.,extraction_ok,False
62,images/item062.png,high,"\left(\frac{f}{g}\right)(x) = \frac{\sqrt{x}}{x}, \quad x \neq 0.","\left( \frac{f}{g} \right)(x) = \frac{\sqrt{x}}{x}, \quad x \neq 0.","sympy:eq(x*(f/g), sqrt(x)/x)","sympy:eq(x*(f/g), sqrt(x)/x)",True,False,True,False,False,False,False,False,False,False,False,False,False,True,true_correct,medium,coder swept as okay: the model answer is correct and the extraction/label is correct enough.,extraction_ok,False
112,images/item112.png,high,"\left(\frac{f}{g}\right)(t) = \frac{t^2}{2t+1}, \quad t \neq -\frac{1}{2}.","\left( \frac{f}{g} \right)(\textcolor{red}{t}) = \frac{\textcolor{red}{t}^2}{2\textcolor{red}{t} + 1}, \quad \textcolor{red}{t} \neq -\frac{1}{2}.","sympy:eq(t*(f/g), t**2/(2*t + 1))","sympy:eq(t*(f/g), t**2/(2*t + 1))",True,False,True,False,False,False,False,False,False,False,False,False,False,True,true_correct,medium,coder swept as okay: the model answer is correct and the extraction/label is correct enough.,extraction_ok,False
114,images/item114.png,high,\frac{dy}{dx} = \frac{1}{2} \sqrt{\frac{(x-3)(x^{2}+4)}{3x^{2}+4x+5}} \left[ \frac{1}{(x-3)} + \frac{2x}{x^{2}+4} - \frac{6x+4}{3x^{2}+4x+5} \right],\frac{dy}{dx} = \frac{1}{2} \sqrt{\frac{(x-3)(x^2 + 4)}{3x^2 + 4x + 5}} \left[ \frac{1}{(x-3)} + \frac{2x}{x^2 + 4} - \frac{6x + 4}{3x^2 + 4x + 5} \right].,"sympy:eq(derivative(y, x), (sqrt(((x - 3)*(x**2 + 4))/((3*x**2 + 4*x) + 5))*(-(6*x + 4)/((3*x**2 + 4*x) + 5) + ((2*x)/(x**2 + 4) + 1/(x - 3))))/2)","sympy:eq(derivative(y, x), (sqrt(((x - 3)*(x**2 + 4))/((3*x**2 + 4*x) + 5))*(-(6*x + 4)/((3*x**2 + 4*x) + 5) + ((2*x)/(x**2 + 4) + 1/(x - 3))))/2)",True,False,True,False,False,False,False,False,False,False,False,False,True,True,true_correct,medium,coder swept as okay: the model answer is correct and the extraction/label is correct enough.,extraction_ok,False
117,images/item117.png,high,P(A|B) = \frac{P(ADB)}{P(B)} = \frac{\frac{4}{13}}{\frac{9}{13}} = \frac{4 \times 13}{9 \times 13} = \frac{4}{9},P(A|B) = \frac{P(A \cap B)}{P(B)} = \frac{\frac{4}{13}}{\frac{9}{13}} = \textcolor{red}{\frac{4 \times 13}{9 \times 13}} = \frac{4}{9}.,sympy:p,sympy:p,True,False,True,False,False,False,False,False,False,False,True,False,False,True,true_correct,high,"span complete on both sides; SymPy collapses to p. FALSE PASS under strict_v1, recovered by strict_v2.",extraction_ok,True
165,images/item165.png,high,"(2,1)","(2, 1)","text:(2,1)","text:(2, 1)",False,True,True,False,False,False,False,False,False,True,False,False,False,False,extraction_issue,high,"span is (2,1), part of the condition; the answer is that there are two equivalence relations.",extraction_issue,True
168,images/item168.png,high,"= 154 \, \text{m}^2","= 154 \, \text{m}^2","text:= 154 \, m^2","text:= 154 \, m^2",False,True,True,False,False,False,False,False,False,False,False,False,False,False,true_correct,medium,coder swept as okay: the model answer is correct and the extraction/label is correct enough.,extraction_ok,False
171,images/item171.png,high,x = \frac{-11}{12}.,x = -\frac{11}{12},"sympy:eq(x, -11/12)","sympy:eq(x, -11/12)",True,False,True,False,False,False,False,False,False,False,False,False,False,False,true_correct,medium,coder swept as okay: the model answer is correct and the extraction/label is correct enough.,extraction_ok,False
172,images/item172.png,high,a_n = ar^{n-1} = 5(5)^{n-1} = 5^{n-1},a_n = ar^{n-1} = 5(5)^{n-1} = \textcolor{red}{5^{n-1}}.,text:a_n = ar^{n-1} = 5(5)^{n-1} = 5^{n-1},text:a_n = ar^{n-1} = 5(5)^{n-1} = \textcolor{red}{5^{n-1}},False,True,True,False,False,False,False,False,False,False,False,False,False,False,true_correct,medium,coder swept as okay: the model answer is correct and the extraction/label is correct enough.,extraction_ok,False
179,images/item179.png,high,z = \dfrac{1}{2x^2+1}.,\textcolor{red}{z} = \frac{1}{2x^2 + 1}.,"sympy:eq(z, 1/(2*x**2 + 1))","sympy:eq(z, 1/(2*x**2 + 1))",True,False,True,False,False,False,False,False,False,False,False,False,False,False,true_correct,medium,coder swept as okay: the model answer is correct and the extraction/label is correct enough.,extraction_ok,False
181,images/item181.png,high,\sin^{-1}(2x\sqrt{1-x^2})=2\cos^{-1}x,\sin^{-1}\left(2x\sqrt{1-x^2}\right) = 2 \cos^{-1} x,"sympy:eq(asin(2*(x*sqrt(1 - x**2))), 2*acos(x))","sympy:eq(asin(2*(x*sqrt(1 - x**2))), 2*acos(x))",True,False,True,False,False,False,False,False,False,False,False,False,False,False,true_correct,medium,coder swept as okay: the model answer is correct and the extraction/label is correct enough.,extraction_ok,False
183,images/item183.png,high,(1-x^2)\frac{d^2y}{dx^2} - x\frac{dy}{dx} = 0.,(1 - x^2) \frac{d^2 y}{dx^2} - x \frac{dy}{dx} = 0,"sympy:eq(-x*derivative(y, x) + ((d**2*y)/(dx**2))*(1 - x**2), 0)","sympy:eq(-x*derivative(y, x) + ((d**2*y)/(dx**2))*(1 - x**2), 0)",True,False,True,False,True,False,False,False,False,False,False,False,True,False,true_correct,high,SymPy mangles the second derivative; the span is right and identical both sides.,extraction_ok,True
192,images/item192.png,high,2x^{2} - 5x + 3 = 0,2x^2 - 5x + 3 = 0,"sympy:eq((2*x**2 - 5*x) + 3, 0)","sympy:eq((2*x**2 - 5*x) + 3, 0)",True,False,True,False,False,False,False,False,False,False,False,False,False,False,true_correct,medium,coder swept as okay: the model answer is correct and the extraction/label is correct enough.,extraction_ok,False
204,images/item204.png,high,&= 11310,= \textcolor{red}{11310},text:= 11310,text:= 11310,True,False,True,False,False,False,False,False,False,False,False,False,False,False,true_correct,medium,coder swept as okay: the model answer is correct and the extraction/label is correct enough.,extraction_ok,False
206,images/item206.png,high,\frac{1}{2},\frac{1}{2},sympy:1/2,sympy:1/2,False,True,True,False,False,False,False,False,False,False,False,False,False,False,true_correct,medium,coder swept as okay: the model answer is correct and the extraction/label is correct enough.,extraction_ok,False
225,images/item225.png,high,\frac{dS}{dt} = \frac{36}{10} = 3.6 \text{ cm}^2/\text{s},"\frac{dS}{dt} = \frac{36}{10} = 3.6 \, \text{cm}^2/\text{s}",text:\frac{ds}{dt} = \frac{36}{10} = 3.6 cm^2/s,"text:\frac{ds}{dt} = \frac{36}{10} = 3.6 \, cm^2/s",False,True,True,False,False,False,False,False,False,False,False,False,True,False,true_correct,medium,coder swept as okay: the model answer is correct and the extraction/label is correct enough.,extraction_ok,False
232,images/item232.png,high,\frac{1}{3^{-2}} \: = \frac{1}{3 \times (-2)} \: = \frac{1}{-6},\frac{1}{3^{-2}} = \frac{1}{3 \times (-2)} = \textcolor{red}{\frac{1}{-6}},text:\frac{1}{3^{-2}} \: = \frac{1}{3 \times (-2)} \: = \frac{1}{-6},text:\frac{1}{3^{-2}} = \frac{1}{3 \times (-2)} = \textcolor{red}{\frac{1}{-6}},False,True,True,False,False,False,False,False,False,False,False,False,False,True,true_correct,medium,coder swept as okay: the model answer is correct and the extraction/label is correct enough.,extraction_ok,False
239,images/item239.png,high,L.H.S = 9e^{-3x} + (-3e^{-3x}) - 6e^{-3x} = 9e^{-3x} - 9e^{-3x} = 0 = R.H.S.,\text{L.H.S.} = 9 e^{-3x} + (-3e^{-3x}) - 6e^{-3x} = 9 e^{-3x} - 9 e^{-3x} = 0 = \text{R.H.S.}.,sympy:l,sympy:l,True,False,True,False,False,False,False,False,False,False,False,False,False,False,true_correct,high,SymPy says l; span M is the correct full L.H.S. verification.,extraction_ok,True
258,images/item258.png,high,\frac{63}{25} + \frac{16}{25}i,\frac{63}{25} + \frac{16}{25} i.,sympy:(16/25)*i + 63/25,sympy:(16/25)*i + 63/25,True,False,True,False,False,False,False,False,False,False,False,False,False,False,true_correct,medium,coder swept as okay: the model answer is correct and the extraction/label is correct enough.,extraction_ok,False
272,images/item272.png,high,S_5 = 3\left(1-\left(\frac{2}{3}\right)^5\right) = 3\times \frac{211}{243} = \frac{121}{81},S_5 = 3\left(1 - \left(\frac{2}{3}\right)^5\right) = 3 \times \frac{211}{243} = \textcolor{red}{\frac{121}{81}}.,text:s_5 = 3(1-(\frac{2}{3})^5) = 3\times \frac{211}{243} = \frac{121}{81},text:s_5 = 3(1 - (\frac{2}{3})^5) = 3 \times \frac{211}{243} = \textcolor{red}{\frac{121}{81}},False,True,True,False,False,False,False,False,False,False,False,False,False,True,true_correct,medium,coder swept as okay: the model answer is correct and the extraction/label is correct enough.,extraction_ok,False
275,images/item275.png,high,\frac{ds}{dt} = \frac{36}{10} = 3.6 \text{ cm}^2 \text{/s},"\frac{dS}{dt} = \frac{36}{10} = 3.6 \, \text{cm}^2/\text{s}",text:\frac{ds}{dt} = \frac{36}{10} = 3.6 cm^2 /s,"text:\frac{ds}{dt} = \frac{36}{10} = 3.6 \, cm^2/s",False,True,True,False,False,False,False,False,False,False,False,False,True,False,true_correct,medium,coder swept as okay: the model answer is correct and the extraction/label is correct enough.,extraction_ok,False
280,images/item280.png,high,= 11130 \text{ cm},"= \textcolor{red}{11130 \, \text{cm}}",text:= 11130 cm,"text:= 11130 \, cm",False,True,True,False,False,False,False,False,False,False,False,False,False,False,true_correct,medium,coder swept as okay: the model answer is correct and the extraction/label is correct enough.,extraction_ok,False
284,images/item284.png,high,256=2^8,256 = 2^8,text:256=2^8,text:256 = 2^8,False,True,True,False,False,False,False,False,False,False,False,False,False,False,true_correct,medium,coder swept as okay: the model answer is correct and the extraction/label is correct enough.,extraction_ok,False
288,images/item288.png,high,|\vec{a}+\vec{b}+\vec{c}|=\sqrt{77}=\sqrt{77},|\vec{a} + \vec{b} + \vec{c}| = \sqrt{\textcolor{red}{77}} = \textcolor{red}{\sqrt{77}},text:|\vec{a}+\vec{b}+\vec{c}|=\sqrt{77}=\sqrt{77},text:|\vec{a} + \vec{b} + \vec{c}| = \sqrt{77} = \textcolor{red}{\sqrt{77}},False,True,True,False,False,False,False,False,False,False,False,False,False,True,true_correct,medium,coder swept as okay: the model answer is correct and the extraction/label is correct enough.,extraction_ok,False
293,images/item293.png,high,V = 7546 \text{ cm}^{3},"V = 7546 \, \text{cm}^3","sympy:eq(v, 7546*(c*m**3))","sympy:eq(v, 7546*(c*m**3))",True,False,True,False,False,False,False,False,False,False,False,False,False,False,true_correct,medium,coder swept as okay: the model answer is correct and the extraction/label is correct enough.,extraction_ok,False
294,images/item294.png,high,&= -\frac{1 \times 7}{3 \times 7} &= -\frac{18}{17},"-\frac{5}{15}, \quad -\frac{1 \times 6}{3 \times 6}, \quad -\frac{6}{18}, \quad -\frac{1 \times 7}{3 \times 7} = \textcolor{red}{-\frac{2}{17}}.",text:= -\frac{1 \times 7}{3 \times 7} = -\frac{18}{17},sympy:-5/15,True,False,True,False,False,False,False,False,False,False,False,False,False,True,extraction_issue,high,"multi-answer collapse: the pattern needs four terms, span/label keep only -5/15.",extraction_issue,True
12,images/item012.png,high,y = 1,"x = 3, \, y = 1","sympy:eq(y, 1)","sympy:eq(x, 3)",False,False,False,True,False,False,False,False,True,False,False,True,False,False,extraction_issue,high,both span and SymPy give y = 1 and drop x = 3.,extraction_issue,True
63,images/item063.png,high,(1),"\textcolor{red}{t}^2 + \textcolor{red}{z}^2 + 2\textcolor{red}{t} - 4\textcolor{red}{z} + C = 0, \text{ where } C = 2C_1",sympy:1,"sympy:eq(c + (-4*z + (2*t + (t**2 + z**2))), 0)",False,False,False,True,False,False,False,False,True,False,False,True,False,False,extraction_issue,high,"span is (1), an equation reference number, not the general solution.",extraction_issue,True
75,images/item075.png,high,"P,Q,R",R,sympy:p,sympy:r,False,False,False,False,False,True,False,False,True,True,False,False,False,False,extraction_issue,high,"truth span is only R; the conclusion is that P, Q, R are collinear.",extraction_issue,True
10,images/item010.png,high,2,2,sympy:2,sympy:2,True,True,False,False,False,False,False,False,True,False,False,False,False,False,true_correct,medium,coder swept as okay: the model answer is correct and the extraction/label is correct enough.,extraction_ok,False
33,images/item033.png,high,"Therefore, -2 is a zero of the polynomial x + 2, but 2 is not",2,"text:therefore, -2 is a zero of the polynomial x + 2, but 2 is not",sympy:2,False,False,False,False,False,False,False,False,True,True,False,False,False,True,extraction_issue,high,truth span is only 2; the conclusion is that -2 is a zero and 2 is not.,extraction_issue,True
35,images/item035.png,high,"(-4, -5)",7,"text:(-4, -5)",sympy:7,False,False,False,False,False,False,False,False,True,True,False,False,False,False,extraction_issue,high,"both halves incomplete: model span has the centre (-4,-5), truth span only the radius 7.",extraction_issue,True
40,images/item040.png,high,,\textcolor{red}{y},<parse_failure>,sympy:y,False,False,False,False,False,False,False,False,True,False,False,False,False,False,extraction_issue,high,model span is nan; the final answer is y = 7.,extraction_issue,True
54,images/item054.png,high,"Therefore, 243 is not a perfect cube",243,"text:therefore, 243 is not a perfect cube",sympy:243,False,False,False,False,False,False,False,False,True,True,False,False,False,True,extraction_issue,high,truth span is only 243; the conclusion is that 243 is not a perfect cube.,extraction_issue,True
65,images/item065.png,high,,y = 4000,<parse_failure>,"sympy:eq(y, 4000)",False,False,False,False,False,False,False,False,True,False,False,False,False,False,extraction_issue,high,truth span is y = 4000; the answer gives both incomes 18000 and 14000. Model span nan.,extraction_issue,True
76,images/item076.png,high,zx,zx,sympy:x*z,sympy:x*z,True,True,False,False,False,False,False,False,True,False,False,False,False,False,extraction_issue,high,both spans extracted only zx against the full polynomial.,extraction_issue,True
77,images/item077.png,high,m,m,sympy:m,sympy:m,True,True,False,False,False,False,False,False,True,False,False,False,False,False,true_correct,high,tiny span but a valid table cell -- the item target is that coefficient.,extraction_ok,True
83,images/item083.png,high,,P(B \text{ wins}) = 1 - P(A \text{ wins}) = 1 - \frac{6}{11} = \frac{5}{11},<parse_failure>,text:p(b wins) = 1 - p(a wins) = 1 - \frac{6}{11} = \frac{5}{11},False,False,False,False,False,False,False,False,True,False,False,False,False,True,extraction_issue,high,model span nan; truth span keeps only P(B wins). Answer has both 6/11 and 5/11.,extraction_issue,True
84,images/item084.png,high,c,C,sympy:c,sympy:c,True,True,False,False,False,False,False,False,True,False,False,False,False,False,extraction_issue,high,"span is only C, the integration constant; the answer is tan^-1 y = tan^-1 x + C.",extraction_issue,True
89,images/item089.png,high,"[1, 5]",x = 1,"text:[1, 5]","sympy:eq(x, 1)",False,False,False,False,False,False,False,False,True,True,False,False,False,False,extraction_issue,high,"model span is the interval [1,5], truth span x=1; the answer is max 56 and min 24.",extraction_issue,True
91,images/item091.png,high,4^n,4^n,sympy:4**n,sympy:4**n,True,True,False,False,False,False,False,False,True,False,False,False,False,False,true_correct,medium,coder swept as okay: the model answer is correct and the extraction/label is correct enough.,extraction_ok,False
102,images/item102.png,high,f,f,sympy:f,sympy:f,True,True,False,False,False,False,False,False,True,False,False,False,False,False,true_correct,medium,coder swept as okay: the model answer is correct and the extraction/label is correct enough.,extraction_ok,False
107,images/item107.png,high,"Interestingly, the number 392 is also divisible by 11 and 98, but this fact does not affect whether it is a perfect cube",},"text:interestingly, the number 392 is also divisible by 11 and 98, but this fact does not affect whether it is a perfect cube",text:},False,False,False,False,False,False,False,False,True,True,False,False,False,True,extraction_issue,high,"model span is an explanatory sentence, truth span is parse junk. Answer: 392 is not a perfect cube, multiply by 7.",extraction_issue,True
120,images/item120.png,high,S_{24} = \frac{24}{2} [2 \times 5 + (24 - 1) \times 3] = 12 [10 + 69] = 948,\textcolor{red}{948},text:s_{24} = \frac{24}{2} [2 \times 5 + (24 - 1) \times 3] = 12 [10 + 69] = 948,sympy:948,False,False,False,False,False,False,False,False,True,False,False,False,False,False,true_correct,medium,coder swept as okay: the model answer is correct and the extraction/label is correct enough.,extraction_ok,False
123,images/item123.png,high,x = 4,x = \textcolor{red}{4},"sympy:eq(x, 4)","sympy:eq(x, 4)",True,True,False,False,False,False,False,False,True,False,False,False,False,False,true_correct,medium,coder swept as okay: the model answer is correct and the extraction/label is correct enough.,extraction_ok,False
126,images/item126.png,high,,\frac{y}{4} - 7 = 3.,<parse_failure>,"sympy:eq(y/4 - 7, 3)",False,False,False,False,False,False,False,False,True,False,False,False,False,False,needs_visual,high,parse failure -- nothing usable to judge.,needs_visual,True
127,images/item127.png,high,f,f,sympy:f,sympy:f,True,True,False,False,False,False,False,False,True,False,False,False,False,False,true_correct,medium,coder swept as okay: the model answer is correct and the extraction/label is correct enough.,extraction_ok,False
138,images/item138.png,high,f+g,f + g,sympy:f + g,sympy:f + g,True,True,False,False,False,False,False,False,True,False,False,False,False,False,true_correct,medium,coder swept as okay: the model answer is correct and the extraction/label is correct enough.,extraction_ok,False
140,images/item140.png,high,x = 1,x = 1,"sympy:eq(x, 1)","sympy:eq(x, 1)",True,True,False,False,False,False,False,False,True,False,False,False,False,False,true_correct,medium,coder swept as okay: the model answer is correct and the extraction/label is correct enough.,extraction_ok,False
142,images/item142.png,high,,(3x + 5y),<parse_failure>,sympy:3*x + 5*y,False,False,False,False,False,False,False,False,True,False,False,False,False,False,extraction_issue,high,parse failure; recorded as extraction_issue for consistency with coded_73.,extraction_issue,True
144,images/item144.png,high,The mode of this data is 2 because it occurs more frequently than other observations,2,text:the mode of this data is 2 because it occurs more frequently than other observations,sympy:2,False,False,False,False,False,False,False,False,True,False,False,False,False,True,true_correct,medium,coder swept as okay: the model answer is correct and the extraction/label is correct enough.,extraction_ok,False
148,images/item148.png,high,"Therefore, 301 is not a term of the given list of numbers",n,"text:therefore, 301 is not a term of the given list of numbers",sympy:n,False,False,False,False,False,False,False,False,True,True,False,False,False,True,true_correct,medium,coder swept as okay: the model answer is correct and the extraction/label is correct enough.,extraction_ok,False
151,images/item151.png,high,\frac{15}{2} = \frac{8+q}{2},\textcolor{red}{q} = 7,"sympy:eq(15/2, (q + 8)/2)","sympy:eq(q, 7)",False,False,False,False,False,False,False,False,True,False,False,False,False,False,true_correct,medium,coder swept as okay: the model answer is correct and the extraction/label is correct enough.,extraction_ok,False
160,images/item160.png,high,x = 5,\textcolor{red}{z} = 5,"sympy:eq(x, 5)","sympy:eq(z, 5)",False,False,False,False,False,False,False,False,True,False,False,False,False,False,true_wrong,high,"MODEL WRONG: wrote x = 5 where the page says z = 5. Logged by the coder as '150', which is not in the sheet.",extraction_ok,True
166,images/item166.png,high,AB,= \begin{bmatrix} 75 & 117 & 72 \\ 25 & 39 & 24 \end{bmatrix}.,sympy:a*b,text:= \begin{bmatrix} 75 117 72 25 39 24 \end{bmatrix},False,False,False,False,False,False,False,False,True,False,False,False,False,True,true_wrong,high,MODEL WRONG: the model does not handle the matrix product. Span AB vs the full result matrix.,extraction_ok,True
176,images/item176.png,high,x = 4,\frac{1}{3} \times \frac{12}{x - 8} = -1 \quad \textcolor{red}{\text{Assuming } x > 0} \quad \textcolor{red}{\text{or} \quad x = 4}.,"sympy:eq(x, 4)",text:\frac{1}{3} \times \frac{12}{x - 8} = -1 assuming x > 0 or x = 4,False,False,False,False,False,False,False,False,True,False,False,False,False,True,extraction_issue,high,incomplete extraction -- span gives only x = 4.,extraction_issue,True
180,images/item180.png,high,zx,zx,sympy:x*z,sympy:x*z,True,True,False,False,False,False,False,False,True,False,False,False,False,False,extraction_issue,high,both spans extracted only zx against the full polynomial.,extraction_issue,True
199,images/item199.png,high,y = \frac{21}{3} = 7,7,text:y = \frac{21}{3} = 7,sympy:7,False,False,False,False,False,False,False,False,True,False,False,False,False,False,true_correct,medium,coder swept as okay: the model answer is correct and the extraction/label is correct enough.,extraction_ok,False
209,images/item209.png,high,The perimeter of the park is 1600 m,},text:the perimeter of the park is 1600 m,text:},False,False,False,False,False,False,False,False,True,False,False,False,False,True,extraction_issue,high,model is correct; the labels are wrong.,extraction_issue,True
223,images/item223.png,high,R_1,R_1,sympy:r_{1},sympy:r_{1},True,True,False,False,False,False,False,False,True,False,False,False,False,False,true_correct,medium,coder swept as okay: the model answer is correct and the extraction/label is correct enough.,extraction_ok,False
229,images/item229.png,high,t = 1,\textcolor{red}{t} = 1,"sympy:eq(t, 1)","sympy:eq(t, 1)",True,True,False,False,False,False,False,False,True,False,False,False,False,False,true_correct,medium,coder swept as okay: the model answer is correct and the extraction/label is correct enough.,extraction_ok,False
243,images/item243.png,high,"Therefore, R is an equivalence relation",R,"text:therefore, r is an equivalence relation",sympy:r,False,False,False,False,False,False,False,False,True,True,False,False,False,True,true_correct,medium,coder swept as okay: the model answer is correct and the extraction/label is correct enough.,extraction_ok,False
244,images/item244.png,high,B',\textcolor{red}{B'},sympy:b',sympy:b',True,True,False,False,False,False,False,False,True,False,False,False,False,False,true_correct,medium,coder swept as okay: the model answer is correct and the extraction/label is correct enough.,extraction_ok,False
246,images/item246.png,high,x,\textcolor{red}{3x + 5} = 44,sympy:x,"sympy:eq(3*x + 5, 44)",False,False,False,False,False,False,False,False,True,False,False,False,False,False,extraction_issue,high,"model could not extract the equation, span is just x.",extraction_issue,True
250,images/item250.png,high,R,R,sympy:r,sympy:r,True,True,False,False,False,False,False,False,True,False,False,False,False,False,extraction_issue,high,"span is only R; the conclusion is that P, Q and R are collinear.",extraction_issue,True
254,images/item254.png,high,2^4,2^4,sympy:2**4,sympy:2**4,True,True,False,False,False,False,False,False,True,False,False,False,False,False,true_correct,medium,coder swept as okay: the model answer is correct and the extraction/label is correct enough.,extraction_ok,False
265,images/item265.png,high,y = 13,13,"sympy:eq(y, 13)",sympy:13,False,False,False,False,False,False,False,False,True,False,False,False,False,False,true_correct,medium,coder swept as okay: the model answer is correct and the extraction/label is correct enough.,extraction_ok,False
269,images/item269.png,high,x = \frac{49}{29},x,"sympy:eq(x, 49/29)",sympy:x,False,False,False,False,False,False,False,False,True,False,False,False,False,False,extraction_issue,high,"model correct, label wrong.",extraction_issue,True
271,images/item271.png,high,25,\left( \frac{2}{3} \right)^{-2} = \frac{2^{-2}}{3^{-2}} = \frac{3^{2}}{2^{2}} = \frac{9}{4} = \textcolor{red}{2.25},sympy:25,text:( \frac{2}{3} )^{-2} = \frac{2^{-2}}{3^{-2}} = \frac{3^{2}}{2^{2}} = \frac{9}{4} = 2.25,False,False,False,False,False,False,False,False,True,False,False,False,False,True,true_wrong,high,MODEL WRONG: misread the final result. Span 25 against the full power expression.,extraction_ok,True
273,images/item273.png,high,},\frac{\textcolor{red}{2}}{4},text:},sympy:2/4,False,False,False,False,False,False,False,False,True,False,False,False,False,False,extraction_issue,high,"model read nothing usable, span is }.",extraction_issue,True
274,images/item274.png,high,P(E \cap F) = P(E) \cdot P(F),F,"sympy:eq(p(e*(cap*f)), p(e)*p(f))",sympy:f,False,False,False,False,False,False,False,False,True,False,True,False,False,False,extraction_issue,high,model correct; labels incomplete.,extraction_issue,True
276,images/item276.png,high,"Therefore, 243 is not a perfect cube",243,"text:therefore, 243 is not a perfect cube",sympy:243,False,False,False,False,False,False,False,False,True,True,False,False,False,True,true_correct,medium,coder swept as okay: the model answer is correct and the extraction/label is correct enough.,extraction_ok,False
282,images/item282.png,high,c,C,sympy:c,sympy:c,True,True,False,False,False,False,False,False,True,False,False,False,False,False,extraction_issue,high,neither side extracted the full equation.,extraction_issue,True
289,images/item289.png,high,B,B,sympy:b,sympy:b,True,True,False,False,False,False,False,False,True,False,False,False,False,False,extraction_issue,high,span is only B; the answer is set equality/non-equality.,extraction_issue,True
291,images/item291.png,high,x,x,sympy:x,sympy:x,True,True,False,False,False,False,False,False,True,False,False,False,False,False,extraction_issue,high,"span is only x; the conclusion is no unique value, infinitely many solutions.",extraction_issue,True
299,images/item299.png,high,Z,R,sympy:z,sympy:r,False,False,False,False,False,False,False,False,True,False,False,False,False,False,extraction_issue,high,span is only R; the conclusion is that R is an equivalence relation.,extraction_issue,True
27,images/item027.png,high,"4x = 3, \quad 3x - y = -6.","\textcolor{red}{4x = 3, \quad 3x - y = -6.}","sympy:eq(4*x, 3)","sympy:eq(4*x, 3)",True,True,False,True,False,False,False,False,False,False,True,True,False,False,true_correct,medium,coder swept as okay: the model answer is correct and the extraction/label is correct enough.,extraction_ok,False
47,images/item047.png,high,x = 2 \quad \text{and} \quad y = 3.,"x = \textcolor{red}{2 \, \text{cm}} \quad \text{and} \quad y = \textcolor{red}{3 \, \text{cm}}.",text:x = 2 and y = 3,"text:x = 2 \, cm and y = 3 \, cm",False,False,False,True,False,False,False,False,False,False,False,True,False,False,true_correct,medium,coder swept as okay: the model answer is correct and the extraction/label is correct enough.,extraction_ok,False
67,images/item067.png,high,d = \frac{1}{2} - (-\frac{3}{2}) = -2,"a = \frac{3}{2}, \quad d = \frac{1}{2} - \left(-\frac{3}{2}\right) = \textcolor{red}{-2}.",text:d = \frac{1}{2} - (-\frac{3}{2}) = -2,"sympy:eq(a, 3/2)",False,False,False,True,False,False,False,False,False,False,False,True,False,True,extraction_issue,high,partial multi-answer: the question asks for a = 3/2 AND d = -2; SymPy parses only a.,extraction_issue,True
88,images/item088.png,high,5^2 = 25,"\left( \frac{5}{8} \right)^{-7} \times \left( \frac{8}{5} \right)^{-5} 
= \frac{5^{-7}}{8^{-7}} \times \frac{8^{-5}}{5^{-5}} 
= \frac{5^{-7} \times 8^{-5}}{8^{-7} \times 5^{-5}} 
= 5^{-2} \times 8^{2} = \frac{8^{2}}{5^{2}} = \frac{64}{25}.
\textcolor{red}{\text{Here, } 8^2 = 64 \text{ and } 5^2 = 25.}",text:5^2 = 25,"text:( \frac{5}{8} )^{-7} \times ( \frac{8}{5} )^{-5} = \frac{5^{-7}}{8^{-7}} \times \frac{8^{-5}}{5^{-5}} = \frac{5^{-7} \times 8^{-5}}{8^{-7} \times 5^{-5}} = 5^{-2} \times 8^{2} = \frac{8^{2}}{5^{2}} = \frac{64}{25}. here, 8^2 = 64 and 5^2 = 25",False,False,False,True,False,False,False,False,False,False,False,True,False,True,true_correct,medium,coder swept as okay: the model answer is correct and the extraction/label is correct enough.,extraction_ok,False
99,images/item099.png,high,x^2 = 8x,"x^2 = 4(2)\textcolor{red}{x}, \quad \text{i.e.,} \quad x^2 = 8\textcolor{red}{x}.","sympy:eq(x**2, 8*x)","sympy:eq(x**2, 4*(2*x))",False,False,False,True,False,False,False,False,False,False,False,True,False,False,true_correct,high,final answer x^2 = 8x matches; truth span carries the derivation form 4(2)x.,extraction_ok,True
103,images/item103.png,high,"A - B = \{1, 3, 5\} \text{ and } B - A = \{8\}.",A - B \neq B - A,"text:a - b = \{1, 3, 5\} and b - a = \{8\}","sympy:ne(a - b, -a + b)",False,False,False,True,False,False,False,False,False,False,True,True,False,False,extraction_issue,high,"truth span is the conclusion A-B != B-A, not the requested set differences.",extraction_issue,True
108,images/item108.png,high,4900y^{2} - 100x^{2} = 275,"\frac{y^2}{\frac{11}{4}} - \frac{x^2}{\frac{25}{4}} = 1, \text{ i.e., } 100y^2 - 44x^2 = 275.","sympy:eq(-100*x**2 + 4900*y**2, 275)","sympy:eq(-x**2/(25/4) + y**2/((11/4)), 1)",False,False,False,True,False,False,False,False,False,False,False,True,False,True,true_correct,high,equivalent hyperbola forms; flagged as an algebraic-equivalence/partial-span case.,extraction_ok,True
132,images/item132.png,high,"x = 3, \quad y = 1.","x = 3, \, y = 1","sympy:eq(x, 3)","sympy:eq(x, 3)",True,True,False,True,False,False,False,False,False,False,False,True,False,False,true_correct,high,"spans give x = 3, y = 1; SymPy keeps only eq(x,3).",extraction_ok,True
177,images/item177.png,high,(3+4)^2 = 5^2,3^2 = 3 \times 3 = 9; \quad 4^2 = 4 \times 4 = 16; \quad 5^2 = 5 \times 5 = 25,text:(3+4)^2 = 5^2,text:3^2 = 3 \times 3 = 9; 4^2 = 4 \times 4 = 16; 5^2 = 5 \times 5 = 25,False,False,False,True,False,False,False,False,False,False,False,True,False,False,extraction_issue,high,"spans show numeric squares, not the conclusion that the triangle is right-angled.",extraction_issue,True
188,images/item188.png,high,\overrightarrow{\beta_2} = \frac{5}{2}\hat{i} + \frac{1}{2}\hat{j} - 3\hat{k},\vec{\beta_1} = \frac{3}{2} \hat{i} - \frac{1}{2} \hat{j} \quad \text{and} \quad \textcolor{red}{\vec{\beta_2} = \frac{5}{2} \hat{i} + \frac{1}{2} \hat{j} - 3\hat{k}}.,"sympy:eq(beta_{2}*overrightarrow, -3*hat*k + ((5/2)*(hat*i) + (hat*j)/2))",text:\vec{\beta_1} = \frac{3}{2} \hat{i} - \frac{1}{2} \hat{j} and \textcolor{red}{\vec{\beta_2} = \frac{5}{2} \hat{i} + \frac{1}{2} \hat{j} - 3\hat{k}},False,False,False,True,False,False,False,False,False,False,False,True,False,True,extraction_issue,high,only part of beta_2 extracted; the answer gives both beta_1 and beta_2.,extraction_issue,True
198,images/item198.png,high,"\text{Minors of the element } a_{ij} \text{ is } M_{ij}. \\
\text{Here } a_{11} = 1. \text{ So } M_{11} = \text{Minor of } a_{11} = 3 \\
M_{12} = \text{Minor of } a_{12} = 4 \\
M_{21} = \text{Minor of } a_{21} = -2 \\
M_{22} = \text{Minor of } a_{22} = 1 \\
\text{Now, Cofactor of } a_{ij} \text{ is } A_{ij}. \text{ So} \\
A_{11} = (-1)^{1+1} M_{11} = 3 \\
A_{12} = (-1)^{1+2} M_{12} = -4 \\
A_{21} = (-1)^{2+1} M_{21} = 2 \\
A_{22} = (-1)^{2+2} M_{22} = 1",A_{22} = (-1)^{2+2} M_{22} = 1,"text:minors of the element a_{ij} is m_{ij}. here a_{11} = 1. so m_{11} = minor of a_{11} = 3 m_{12} = minor of a_{12} = 4 m_{21} = minor of a_{21} = -2 m_{22} = minor of a_{22} = 1 now, cofactor of a_{ij} is a_{ij}. so a_{11} = (-1)^{1+1} m_{11} = 3 a_{12} = (-1)^{1+2} m_{12} = -4 a_{21} = (-1)^{2+1} m_{21} = 2 a_{22} = (-1)^{2+2} m_{22} = 1",text:a_{22} = (-1)^{2+2} m_{22} = 1,False,False,False,True,False,False,False,False,False,False,False,True,False,True,extraction_issue,high,only one cofactor extracted; the answer lists all minors and cofactors.,extraction_issue,True
208,images/item208.png,high,3x^2 = -4y,"x^2 = -4\left(\frac{1}{3}\right)y, \quad \text{i.e.,} \quad 3x^2 = -4y.","sympy:eq(3*x**2, -4*y)","sympy:eq(x**2, -4*y/3)",False,False,False,True,False,False,False,False,False,False,False,True,False,False,true_correct,medium,coder swept as okay: the model answer is correct and the extraction/label is correct enough.,extraction_ok,False
217,images/item217.png,high,b = \frac{33}{4},\textcolor{red}{a} = \frac{3}{4} \quad \textcolor{red}{\text{and}} \quad \textcolor{red}{b} = \frac{33}{4}.,"sympy:eq(b, 33/4)",text:a = \frac{3}{4} and b = \frac{33}{4},False,False,False,True,False,False,False,False,False,False,False,True,False,False,true_correct,high,visually correct a = 3/4 and b = 33/4; model span shows only b.,extraction_ok,True
230,images/item230.png,high,"x^2 = 4(z)z, \text{i.e.,} x^2 = 8z.","x^2 = 4(2)\textcolor{red}{z}, \quad \text{i.e.,} \quad x^2 = 8\textcolor{red}{z}.","sympy:eq(x**2, 4*(z*z))","sympy:eq(x**2, 4*(2*z))",False,False,False,True,False,False,False,False,False,False,False,True,False,False,true_correct,high,final equation x^2 = 8z consistent on both sides.,extraction_ok,True
240,images/item240.png,high,"\frac{1}{2} \begin{vmatrix}
1 & 3 & 1 \\
0 & 0 & 1 \\
K & 0 & 1 
\end{vmatrix} = \pm 3.","\textcolor{red}{\frac{3k}{2}} = \pm 3, \quad \text{i.e.,} \quad k = \pm 2.",text:\frac{1}{2} \begin{vmatrix} 1 3 1 0 0 1 k 0 1 \end{vmatrix} = \pm 3,"sympy:eq(textcolor*(((3*k)/2)*(r*(d*e))), pm*3)",False,False,False,True,False,False,False,False,False,False,False,True,False,True,extraction_issue,high,only part of the determinant work; the answer includes y = 3x and k = +-2.,extraction_issue,True
245,images/item245.png,high,50y^2 - 88x^2 = 275,"\frac{y^2}{\frac{11}{4}} - \frac{x^2}{\textcolor{red}{\frac{25}{2}}} = 1, \text{ i.e., } \textcolor{red}{50}y^2 - \textcolor{red}{88}x^2 = 275.","sympy:eq(-88*x**2 + 50*y**2, 275)","text:\frac{y^2}{\frac{11}{4}} - \frac{x^2}{\textcolor{red}{\frac{25}{2}}} = 1, i.e., 50y^2 - 88x^2 = 275",False,False,False,True,False,False,False,False,False,False,False,True,False,True,true_correct,medium,coder swept as okay: the model answer is correct and the extraction/label is correct enough.,extraction_ok,False
263,images/item263.png,high,z=k1,"x = \textcolor{red}{x2}, \quad y = 2, \quad z = \textcolor{red}{k1}.","sympy:eq(z, k*1)","sympy:eq(x, x*2)",False,False,False,True,False,False,False,False,False,False,False,True,False,False,extraction_issue,high,partial multi-answer: model span has only z = k1.,extraction_issue,True
264,images/item264.png,high,"Solving (1) and (2), we get: A = 45^\circ and B = 15^\circ",B = 15^\circ,"text:solving (1) and (2), we get: a = 45^\circ and b = 15^\circ","sympy:eq(b, 15**circ)",False,False,False,True,False,False,False,False,False,False,False,True,False,True,true_correct,high,spans give A = 45 and B = 15; SymPy/truth span keep only B.,extraction_ok,True
298,images/item298.png,high,x = 2 \quad \text{and},x = 2 \quad \text{and} \quad \textcolor{red}{y = 3).,"sympy:eq(x, 2*(a*(d*n)))",text:x = 2 and \textcolor{red}{y = 3),False,False,False,True,False,False,False,False,False,False,False,True,False,False,extraction_issue,high,partial/misaligned spans; the answer needs both x = 2 and y = 3.,extraction_issue,True
106,images/item106.png,high,"Also, note that 42 is divisible by 2 and 3","\quad \textcolor{red}{\text{Also, note that } 42 \text{ is divisible by 2 and 3.}}",sympy:a*(l*(o*s)),sympy:a*(l*(o*s)),True,True,False,False,False,True,False,False,False,True,False,False,False,True,extraction_issue,high,explanatory span; the answer is the squares 39^2 = 1521 and 42^2 = 1764.,extraction_issue,True
116,images/item116.png,high,"y \in [8, \infty).","\textcolor{red}{y} \in [8, \infty)",sympy:in*y,sympy:in*y,True,True,False,False,False,True,False,False,False,True,True,False,False,False,true_correct,high,"final solution y in [8, inf) matches; SymPy formatting odd but visually fine.",extraction_ok,True
125,images/item125.png,high,"Similarly, the direction cosines of the b-axis and c-axis are 0, 1, 0 and 0, 0, 1 respectively","0, 0, 1","text:similarly, the direction cosines of the b-axis and c-axis are 0, 1, 0 and 0, 0, 1 respectively",sympy:0,False,False,False,False,False,True,False,False,False,True,False,False,False,True,true_correct,high,"direction cosines for all three axes; truth span keeps only (0,0,1).",extraction_ok,True
147,images/item147.png,high,"12, 35, 37","12, 35, 37",sympy:12,sympy:12,True,True,False,False,False,True,False,False,False,True,False,False,False,False,true_correct,high,"triplet 12, 35, 37; SymPy collapses to 12.",extraction_ok,True
149,images/item149.png,high,1^\circ,"0^\circ, 0^\circ, 1^\circ",sympy:1**circ,sympy:0**circ,False,False,False,False,False,True,False,False,False,True,False,False,False,True,true_correct,high,direction cosines partial in extraction but the visual answer is correct.,extraction_ok,True
215,images/item215.png,high,"\frac{3}{\sqrt{77}}, \frac{-2}{\sqrt{77}}, \frac{8}{\sqrt{77}}","\frac{3}{\sqrt{77}}, \quad \frac{-2}{\sqrt{77}}, \quad \frac{8}{\sqrt{77}}.",sympy:3/(sqrt(77)),sympy:3/(sqrt(77)),True,True,False,False,False,True,False,False,False,True,False,False,False,True,true_correct,high,"direction cosines 3/sqrt77, -2/sqrt77, 8/sqrt77; SymPy keeps the first.",extraction_ok,True
222,images/item222.png,high,"18, 81, 42, 24","Hence, possible orders are \textcolor{red}{1 \times 8, 8 \times 1, 4 \times 2, 2 \times 4}",sympy:18,sympy:h*(e*(n*(c*e))),False,False,False,False,False,True,False,False,False,True,True,False,False,True,true_correct,high,"possible orders 18, 81, 42, 24; SymPy collapses to 18.",extraction_ok,True
224,images/item224.png,high,\beta,"\textcolor{red}{\text{Also, prime numbers such as 2, 3, 5, and 7 have unique properties that are interesting to study.}}",sympy:beta,sympy:a*(l*(o*s)),False,False,False,False,False,True,False,False,False,True,False,False,False,True,extraction_issue,high,"span is a beta/text fragment, not the conclusion that the expression is irrational.",extraction_issue,True
