item,correct_strict_v1,correct_strict_v2_display_primary,span_entropy,perception_entropy,model_span,truth_span,model_span_norm,truth_span_norm,model_label,truth_label,model_tier,truth_tier,is_mcq,sympy_match,sympy_partial_parse_risk,sympy_malformed_derivative,multi_answer_collapse,mcq_option,tiny_valid_mcq,tiny_suspicious_non_mcq,multi_value_answer,set_answer,system_answer,derivative_equation,text_conclusion,rules_disagree,priority,final_label,confidence,note
2,True,False,1.3321790402101223,0.0,40^\circ 20' = \frac{1210}{540} \text{ radians}.,40^\circ 20' = \frac{121\textcolor{red}{\theta}}{540} \text{ radian}.,40^\circ 20'=\frac {1210}{540} radians,40^\circ 20'=\frac {121\theta }{540} radian,sympy:40**circ*20,sympy:40**circ*20,display_math,display_math,False,True,False,False,False,False,False,False,False,False,False,False,True,True,high,,,
9,False,True,0.6730116670092565,1.0549201679861442,"(x, z) \in R","(\textcolor{red}{x, z}) \in R","(x,z) \in r","(x,z) \in r","text:(x, z) \in r","text:(x, z) \in r",display_math,display_math,False,False,False,False,False,False,False,False,True,True,False,False,False,True,high,,,
10,True,True,1.3321790402101223,1.3321790402101223,2,2,2,2,sympy:2,sympy:2,display_math,display_math,False,True,False,False,False,False,False,True,False,False,False,False,False,False,high,,,
12,False,False,0.9502705392332347,0.9502705392332347,y = 1,"x = 3, \, y = 1",y=1,"x=3,y=1","sympy:eq(y, 1)","sympy:eq(x, 3)",display_math,display_math,False,False,True,False,False,False,False,True,False,False,True,False,False,False,high,,,
24,True,False,0.9502705392332347,0.5004024235381879,10^6,10^{6},10^6,10^{6},sympy:10**6,sympy:10**6,display_math,display_math,False,True,False,False,False,False,False,False,False,False,False,False,False,True,high,,,
27,True,True,0.5004024235381879,0.5004024235381879,"4x = 3, \quad 3x - y = -6.","\textcolor{red}{4x = 3, \quad 3x - y = -6.}","4x=3,3x-y=-6","4x=3,3x-y=-6","sympy:eq(4*x, 3)","sympy:eq(4*x, 3)",display_math,display_math,False,True,True,False,False,False,False,False,False,True,True,False,False,False,high,,,
33,False,False,0.9502705392332347,0.9502705392332347,"Therefore, -2 is a zero of the polynomial x + 2, but 2 is not",2,"therefore,-2 is a zero of the polynomial x+2,but 2 is not",2,"text:therefore, -2 is a zero of the polynomial x + 2, but 2 is not",sympy:2,last_line,display_math,False,False,False,False,False,False,False,True,True,False,False,False,True,False,high,,,
34,False,True,0.0,0.5004024235381879,0 = 9,"0 = 9,",0=9,0=9,text:0 = 9,"text:0 = 9,",display_math,display_math,False,False,False,False,False,False,False,True,False,False,False,False,False,True,high,,,
35,False,False,1.3321790402101223,1.3321790402101223,"(-4, -5)",7,"(-4,-5)",7,"text:(-4, -5)",sympy:7,display_math,display_math,False,False,False,False,False,False,False,True,True,False,False,False,False,False,high,,,
40,False,False,1.0549201679861442,1.0549201679861442,,\textcolor{red}{y},<parse_failure>,y,<parse_failure>,sympy:y,parse_fail,display_math,False,False,False,False,False,False,False,True,False,False,False,False,False,False,high,,,
47,False,False,1.3321790402101223,1.6094379124341005,x = 2 \quad \text{and} \quad y = 3.,"x = \textcolor{red}{2 \, \text{cm}} \quad \text{and} \quad y = \textcolor{red}{3 \, \text{cm}}.",x=2 and y=3,x=2 cm and y=3 cm,text:x = 2 and y = 3,"text:x = 2 \, cm and y = 3 \, cm",display_math,display_math,False,False,True,False,False,False,False,False,False,False,True,False,False,False,high,,,
53,False,True,1.3321790402101223,1.3321790402101223,nC_{17} = 18C_{17} = 18,nC_{17} = \textcolor{red}{18C_{17}} = 18.,nc_{17}=18c_{17}=18,nc_{17}=18c_{17}=18,text:nc_{17} = 18c_{17} = 18,text:nc_{17} = \textcolor{red}{18c_{17}} = 18,display_math,display_math,False,False,False,False,False,False,False,False,False,False,False,False,False,True,high,,,
54,False,False,0.9502705392332347,0.9502705392332347,"Therefore, 243 is not a perfect cube",243,"therefore,243 is not a perfect cube",243,"text:therefore, 243 is not a perfect cube",sympy:243,last_line,display_math,False,False,False,False,False,False,False,True,True,False,False,False,True,False,high,,,
62,True,False,0.9502705392332347,0.0,"\left(\frac{f}{g}\right)(x) = \frac{\sqrt{x}}{x}, \quad x \neq 0.","\left( \frac{f}{g} \right)(x) = \frac{\sqrt{x}}{x}, \quad x \neq 0.","(\frac {f}{g} )(x)=\frac {\sqrt {x}}{x},x \neq 0","( \frac {f}{g} )(x)=\frac {\sqrt {x}}{x},x \neq 0","sympy:eq(x*(f/g), sqrt(x)/x)","sympy:eq(x*(f/g), sqrt(x)/x)",display_math,display_math,False,True,False,False,False,False,False,False,False,False,False,False,True,True,high,,,
63,False,False,1.3321790402101223,1.3321790402101223,(1),"\textcolor{red}{t}^2 + \textcolor{red}{z}^2 + 2\textcolor{red}{t} - 4\textcolor{red}{z} + C = 0, \text{ where } C = 2C_1",(1),"t^2+z^2+2t-4z+c=0,where c=2c_1",sympy:1,"sympy:eq(c + (-4*z + (2*t + (t**2 + z**2))), 0)",display_math,display_math,False,False,True,False,False,False,False,True,False,False,True,False,False,False,high,,,
65,False,False,1.6094379124341005,1.6094379124341005,,y = 4000,<parse_failure>,y=4000,<parse_failure>,"sympy:eq(y, 4000)",parse_fail,display_math,False,False,False,False,False,False,False,True,False,False,False,False,False,False,high,,,
67,False,False,1.0549201679861442,0.5004024235381879,d = \frac{1}{2} - (-\frac{3}{2}) = -2,"a = \frac{3}{2}, \quad d = \frac{1}{2} - \left(-\frac{3}{2}\right) = \textcolor{red}{-2}.",d=\frac {1}{2}-(-\frac {3}{2})=-2,"a=\frac {3}{2},d=\frac {1}{2}-(-\frac {3}{2} )=-2",text:d = \frac{1}{2} - (-\frac{3}{2}) = -2,"sympy:eq(a, 3/2)",display_math,display_math,False,False,True,False,False,False,False,False,False,False,True,False,True,False,high,,,
75,False,False,0.5004024235381879,0.5004024235381879,"P,Q,R",R,"p,q,r",r,sympy:p,sympy:r,display_math,display_math,False,False,False,False,True,False,False,True,True,False,False,False,False,False,high,,,
76,True,True,0.5004024235381879,0.5004024235381879,zx,zx,zx,zx,sympy:x*z,sympy:x*z,display_math,display_math,False,True,False,False,False,False,False,True,False,False,False,False,False,False,high,,,
77,True,True,0.0,0.0,m,m,m,m,sympy:m,sympy:m,display_math,display_math,False,True,False,False,False,False,False,True,False,False,False,False,False,False,high,,,
83,False,False,1.3321790402101223,1.3321790402101223,,P(B \text{ wins}) = 1 - P(A \text{ wins}) = 1 - \frac{6}{11} = \frac{5}{11},<parse_failure>,p(b wins)=1-p(a wins)=1-\frac {6}{11}=\frac {5}{11},<parse_failure>,text:p(b wins) = 1 - p(a wins) = 1 - \frac{6}{11} = \frac{5}{11},parse_fail,display_math,False,False,False,False,False,False,False,True,False,False,False,False,True,False,high,,,
84,True,True,0.9502705392332347,0.9502705392332347,c,C,c,c,sympy:c,sympy:c,display_math,display_math,False,True,False,False,False,False,False,True,False,False,False,False,False,False,high,,,
88,False,False,0.6730116670092565,0.6730116670092565,5^2 = 25,"\left( \frac{5}{8} \right)^{-7} \times \left( \frac{8}{5} \right)^{-5} 
= \frac{5^{-7}}{8^{-7}} \times \frac{8^{-5}}{5^{-5}} 
= \frac{5^{-7} \times 8^{-5}}{8^{-7} \times 5^{-5}} 
= 5^{-2} \times 8^{2} = \frac{8^{2}}{5^{2}} = \frac{64}{25}.
\textcolor{red}{\text{Here, } 8^2 = 64 \text{ and } 5^2 = 25.}",5^2=25,"( \frac {5}{8} )^{-7}*( \frac {8}{5} )^{-5}=\frac {5^{-7}}{8^{-7}}*\frac {8^{-5}}{5^{-5}}=\frac {5^{-7}*8^{-5}}{8^{-7}*5^{-5}}=5^{-2}*8^{2}=\frac {8^{2}}{5^{2}}=\frac {64}{25}. here,8^2=64 and 5^2=25",text:5^2 = 25,"text:( \frac{5}{8} )^{-7} \times ( \frac{8}{5} )^{-5} = \frac{5^{-7}}{8^{-7}} \times \frac{8^{-5}}{5^{-5}} = \frac{5^{-7} \times 8^{-5}}{8^{-7} \times 5^{-5}} = 5^{-2} \times 8^{2} = \frac{8^{2}}{5^{2}} = \frac{64}{25}. here, 8^2 = 64 and 5^2 = 25",display_math,display_math,False,False,True,False,False,False,False,False,False,False,True,False,True,False,high,,,
89,False,False,0.6730116670092565,0.6730116670092565,"[1, 5]",x = 1,"[1,5]",x=1,"text:[1, 5]","sympy:eq(x, 1)",display_math,display_math,False,False,False,False,False,False,False,True,True,False,False,False,False,False,high,,,
91,True,True,0.0,0.0,4^n,4^n,4^n,4^n,sympy:4**n,sympy:4**n,display_math,display_math,False,True,False,False,False,False,False,True,False,False,False,False,False,False,high,,,
99,False,False,0.9502705392332347,0.9502705392332347,x^2 = 8x,"x^2 = 4(2)\textcolor{red}{x}, \quad \text{i.e.,} \quad x^2 = 8\textcolor{red}{x}.",x^2=8x,"x^2=4(2)x,i.e.,x^2=8x","sympy:eq(x**2, 8*x)","sympy:eq(x**2, 4*(2*x))",display_math,display_math,False,False,True,False,False,False,False,False,False,False,True,False,False,False,high,,,
102,True,True,0.0,0.0,f,f,f,f,sympy:f,sympy:f,display_math,display_math,False,True,False,False,False,False,False,True,False,False,False,False,False,False,high,,,
103,False,False,1.6094379124341005,1.6094379124341005,"A - B = \{1, 3, 5\} \text{ and } B - A = \{8\}.",A - B \neq B - A,"a-b={1,3,5} and b-a={8}",a-b \neq b-a,"text:a - b = \{1, 3, 5\} and b - a = \{8\}","sympy:ne(a - b, -a + b)",display_math,display_math,False,False,True,False,False,False,False,False,False,True,True,False,False,False,high,,,
106,True,True,1.3321790402101223,1.3321790402101223,"Also, note that 42 is divisible by 2 and 3","\quad \textcolor{red}{\text{Also, note that } 42 \text{ is divisible by 2 and 3.}}","also,note that 42 is divisible by 2 and 3","also,note that 42 is divisible by 2 and 3",sympy:a*(l*(o*s)),sympy:a*(l*(o*s)),last_line,display_math,False,True,False,False,True,False,False,False,True,False,False,False,True,False,high,,,
107,False,False,1.6094379124341005,1.6094379124341005,"Interestingly, the number 392 is also divisible by 11 and 98, but this fact does not affect whether it is a perfect cube",},"interestingly,the number 392 is also divisible by 11 and 98,but this fact does not affect whether it is a perfect cube",},"text:interestingly, the number 392 is also divisible by 11 and 98, but this fact does not affect whether it is a perfect cube",text:},last_line,last_line,False,False,False,False,False,False,False,True,True,False,False,False,True,False,high,,,
108,False,False,1.6094379124341005,1.6094379124341005,4900y^{2} - 100x^{2} = 275,"\frac{y^2}{\frac{11}{4}} - \frac{x^2}{\frac{25}{4}} = 1, \text{ i.e., } 100y^2 - 44x^2 = 275.",4900y^{2}-100x^{2}=275,"\frac {y^2}{\frac {11}{4}}-\frac {x^2}{\frac {25}{4}}=1,i.e.,100y^2-44x^2=275","sympy:eq(-100*x**2 + 4900*y**2, 275)","sympy:eq(-x**2/(25/4) + y**2/((11/4)), 1)",display_math,display_math,False,False,True,False,False,False,False,False,False,False,True,False,True,False,high,,,
112,True,False,0.9502705392332347,0.5004024235381879,"\left(\frac{f}{g}\right)(t) = \frac{t^2}{2t+1}, \quad t \neq -\frac{1}{2}.","\left( \frac{f}{g} \right)(\textcolor{red}{t}) = \frac{\textcolor{red}{t}^2}{2\textcolor{red}{t} + 1}, \quad \textcolor{red}{t} \neq -\frac{1}{2}.","(\frac {f}{g} )(t)=\frac {t^2}{2t+1},t \neq-\frac {1}{2}","( \frac {f}{g} )(t)=\frac {t^2}{2t+1},t \neq-\frac {1}{2}","sympy:eq(t*(f/g), t**2/(2*t + 1))","sympy:eq(t*(f/g), t**2/(2*t + 1))",display_math,display_math,False,True,False,False,False,False,False,False,False,False,False,False,True,True,high,,,
114,True,False,1.6094379124341005,1.3321790402101223,\frac{dy}{dx} = \frac{1}{2} \sqrt{\frac{(x-3)(x^{2}+4)}{3x^{2}+4x+5}} \left[ \frac{1}{(x-3)} + \frac{2x}{x^{2}+4} - \frac{6x+4}{3x^{2}+4x+5} \right],\frac{dy}{dx} = \frac{1}{2} \sqrt{\frac{(x-3)(x^2 + 4)}{3x^2 + 4x + 5}} \left[ \frac{1}{(x-3)} + \frac{2x}{x^2 + 4} - \frac{6x + 4}{3x^2 + 4x + 5} \right].,\frac {dy}{dx}=\frac {1}{2} \sqrt {\frac {(x-3)(x^{2}+4)}{3x^{2}+4x+5}} [ \frac {1}{(x-3)}+\frac {2x}{x^{2}+4}-\frac {6x+4}{3x^{2}+4x+5} ],\frac {dy}{dx}=\frac {1}{2} \sqrt {\frac {(x-3)(x^2+4)}{3x^2+4x+5}} [ \frac {1}{(x-3)}+\frac {2x}{x^2+4}-\frac {6x+4}{3x^2+4x+5} ],"sympy:eq(derivative(y, x), (sqrt(((x - 3)*(x**2 + 4))/((3*x**2 + 4*x) + 5))*(-(6*x + 4)/((3*x**2 + 4*x) + 5) + ((2*x)/(x**2 + 4) + 1/(x - 3))))/2)","sympy:eq(derivative(y, x), (sqrt(((x - 3)*(x**2 + 4))/((3*x**2 + 4*x) + 5))*(-(6*x + 4)/((3*x**2 + 4*x) + 5) + ((2*x)/(x**2 + 4) + 1/(x - 3))))/2)",display_math,display_math,False,True,False,False,False,False,False,False,False,False,False,True,True,True,high,,,
116,True,True,0.5004024235381879,0.5004024235381879,"y \in [8, \infty).","\textcolor{red}{y} \in [8, \infty)","y \in [8,\infty )","y \in [8,\infty )",sympy:in*y,sympy:in*y,display_math,display_math,False,True,False,False,True,False,False,False,True,True,False,False,False,False,high,,,
117,True,False,0.9502705392332347,0.5004024235381879,P(A|B) = \frac{P(ADB)}{P(B)} = \frac{\frac{4}{13}}{\frac{9}{13}} = \frac{4 \times 13}{9 \times 13} = \frac{4}{9},P(A|B) = \frac{P(A \cap B)}{P(B)} = \frac{\frac{4}{13}}{\frac{9}{13}} = \textcolor{red}{\frac{4 \times 13}{9 \times 13}} = \frac{4}{9}.,p(a|b)=\frac {p(adb)}{p(b)}=\frac {\frac {4}{13}}{\frac {9}{13}}=\frac {4*13}{9*13}=\frac {4}{9},p(a|b)=\frac {p(a \cap b)}{p(b)}=\frac {\frac {4}{13}}{\frac {9}{13}}=\frac {4*13}{9*13}=\frac {4}{9},sympy:p,sympy:p,display_math,display_math,True,True,False,False,False,False,False,False,False,True,False,False,True,True,high,,,
120,False,False,0.5004024235381879,0.5004024235381879,S_{24} = \frac{24}{2} [2 \times 5 + (24 - 1) \times 3] = 12 [10 + 69] = 948,\textcolor{red}{948},s_{24}=\frac {24}{2} [2*5+(24-1)*3]=12 [10+69]=948,948,text:s_{24} = \frac{24}{2} [2 \times 5 + (24 - 1) \times 3] = 12 [10 + 69] = 948,sympy:948,display_math,display_math,False,False,False,False,False,False,False,True,False,False,False,False,False,False,high,,,
123,True,True,0.5004024235381879,0.5004024235381879,x = 4,x = \textcolor{red}{4},x=4,x=4,"sympy:eq(x, 4)","sympy:eq(x, 4)",display_math,display_math,False,True,False,False,False,False,False,True,False,False,False,False,False,False,high,,,
125,False,False,1.3321790402101223,1.3321790402101223,"Similarly, the direction cosines of the b-axis and c-axis are 0, 1, 0 and 0, 0, 1 respectively","0, 0, 1","similarly,the direction cosines of the b-axis and c-axis are 0,1,0 and 0,0,1 respectively","0,0,1","text:similarly, the direction cosines of the b-axis and c-axis are 0, 1, 0 and 0, 0, 1 respectively",sympy:0,last_line,display_math,False,False,False,False,True,False,False,False,True,False,False,False,True,False,high,,,
126,False,False,1.3321790402101223,1.3321790402101223,,\frac{y}{4} - 7 = 3.,<parse_failure>,\frac {y}{4}-7=3,<parse_failure>,"sympy:eq(y/4 - 7, 3)",parse_fail,display_math,False,False,False,False,False,False,False,True,False,False,False,False,False,False,high,,,
127,True,True,0.5004024235381879,0.5004024235381879,f,f,f,f,sympy:f,sympy:f,display_math,display_math,False,True,False,False,False,False,False,True,False,False,False,False,False,False,high,,,
132,True,True,0.6730116670092565,0.6730116670092565,"x = 3, \quad y = 1.","x = 3, \, y = 1","x=3,y=1","x=3,y=1","sympy:eq(x, 3)","sympy:eq(x, 3)",display_math,display_math,False,True,True,False,False,False,False,False,False,False,True,False,False,False,high,,,
138,True,True,0.5004024235381879,0.5004024235381879,f+g,f + g,f+g,f+g,sympy:f + g,sympy:f + g,display_math,display_math,False,True,False,False,False,False,False,True,False,False,False,False,False,False,high,,,
140,True,True,0.0,0.0,x = 1,x = 1,x=1,x=1,"sympy:eq(x, 1)","sympy:eq(x, 1)",display_math,display_math,False,True,False,False,False,False,False,True,False,False,False,False,False,False,high,,,
142,False,False,0.9502705392332347,0.9502705392332347,,(3x + 5y),<parse_failure>,(3x+5y),<parse_failure>,sympy:3*x + 5*y,parse_fail,display_math,False,False,False,False,False,False,False,True,False,False,False,False,False,False,high,,,
144,False,False,1.0549201679861442,1.3321790402101223,The mode of this data is 2 because it occurs more frequently than other observations,2,the mode of this data is 2 because it occurs more frequently than other observations,2,text:the mode of this data is 2 because it occurs more frequently than other observations,sympy:2,last_line,display_math,False,False,False,False,False,False,False,True,False,False,False,False,True,False,high,,,
147,True,True,0.5004024235381879,0.5004024235381879,"12, 35, 37","12, 35, 37","12,35,37","12,35,37",sympy:12,sympy:12,display_math,display_math,False,True,False,False,True,False,False,False,True,False,False,False,False,False,high,,,
148,False,False,0.6730116670092565,0.6730116670092565,"Therefore, 301 is not a term of the given list of numbers",n,"therefore,301 is not a term of the given list of numbers",n,"text:therefore, 301 is not a term of the given list of numbers",sympy:n,last_line,display_math,False,False,False,False,False,False,False,True,True,False,False,False,True,False,high,,,
149,False,False,1.0549201679861442,1.0549201679861442,1^\circ,"0^\circ, 0^\circ, 1^\circ",1^\circ,"0^\circ,0^\circ,1^\circ",sympy:1**circ,sympy:0**circ,display_math,display_math,False,False,False,False,True,False,False,False,True,False,False,False,True,False,high,,,
151,False,False,1.3321790402101223,1.3321790402101223,\frac{15}{2} = \frac{8+q}{2},\textcolor{red}{q} = 7,\frac {15}{2}=\frac {8+q}{2},q=7,"sympy:eq(15/2, (q + 8)/2)","sympy:eq(q, 7)",display_math,display_math,False,False,False,False,False,False,False,True,False,False,False,False,False,False,high,,,
160,False,False,0.5004024235381879,0.5004024235381879,x = 5,\textcolor{red}{z} = 5,x=5,z=5,"sympy:eq(x, 5)","sympy:eq(z, 5)",last_line,display_math,False,False,False,False,False,False,False,True,False,False,False,False,False,False,high,,,
165,False,True,0.5004024235381879,0.9502705392332347,"(2,1)","(2, 1)","(2,1)","(2,1)","text:(2,1)","text:(2, 1)",display_math,display_math,False,False,False,False,False,False,False,False,True,False,False,False,False,True,high,,,
166,False,False,1.3321790402101223,1.3321790402101223,AB,= \begin{bmatrix} 75 & 117 & 72 \\ 25 & 39 & 24 \end{bmatrix}.,ab,=\begin {bmatrix} 75 & 117 & 72 25 & 39 & 24 \end {bmatrix},sympy:a*b,text:= \begin{bmatrix} 75 117 72 25 39 24 \end{bmatrix},display_math,display_math,False,False,False,False,False,False,False,True,False,False,False,False,True,False,high,,,
168,False,True,1.3321790402101223,1.6094379124341005,"= 154 \, \text{m}^2","= 154 \, \text{m}^2",=154 m^2,=154 m^2,"text:= 154 \, m^2","text:= 154 \, m^2",display_math,display_math,False,False,False,False,False,False,False,False,False,False,False,False,False,True,high,,,
171,True,False,0.5004024235381879,0.5004024235381879,x = \frac{-11}{12}.,x = -\frac{11}{12},x=\frac {-11}{12},x=-\frac {11}{12},"sympy:eq(x, -11/12)","sympy:eq(x, -11/12)",display_math,display_math,False,True,False,False,False,False,False,False,False,False,False,False,False,True,high,,,
172,False,True,1.3321790402101223,1.3321790402101223,a_n = ar^{n-1} = 5(5)^{n-1} = 5^{n-1},a_n = ar^{n-1} = 5(5)^{n-1} = \textcolor{red}{5^{n-1}}.,a_n=ar^{n-1}=5(5)^{n-1}=5^{n-1},a_n=ar^{n-1}=5(5)^{n-1}=5^{n-1},text:a_n = ar^{n-1} = 5(5)^{n-1} = 5^{n-1},text:a_n = ar^{n-1} = 5(5)^{n-1} = \textcolor{red}{5^{n-1}},display_math,display_math,False,False,False,False,False,False,False,False,False,False,False,False,False,True,high,,,
176,False,False,0.0,0.0,x = 4,\frac{1}{3} \times \frac{12}{x - 8} = -1 \quad \textcolor{red}{\text{Assuming } x > 0} \quad \textcolor{red}{\text{or} \quad x = 4}.,x=4,\frac {1}{3}*\frac {12}{x-8}=-1 assuming x > 0 or x=4,"sympy:eq(x, 4)",text:\frac{1}{3} \times \frac{12}{x - 8} = -1 assuming x > 0 or x = 4,display_math,display_math,False,False,False,False,False,False,False,True,False,False,False,False,True,False,high,,,
177,False,False,0.9502705392332347,0.9502705392332347,(3+4)^2 = 5^2,3^2 = 3 \times 3 = 9; \quad 4^2 = 4 \times 4 = 16; \quad 5^2 = 5 \times 5 = 25,(3+4)^2=5^2,3^2=3*3=9; 4^2=4*4=16; 5^2=5*5=25,text:(3+4)^2 = 5^2,text:3^2 = 3 \times 3 = 9; 4^2 = 4 \times 4 = 16; 5^2 = 5 \times 5 = 25,display_math,display_math,False,False,True,False,False,False,False,False,False,False,True,False,False,False,high,,,
179,True,False,1.3321790402101223,0.5004024235381879,z = \dfrac{1}{2x^2+1}.,\textcolor{red}{z} = \frac{1}{2x^2 + 1}.,z=\dfrac {1}{2x^2+1},z=\frac {1}{2x^2+1},"sympy:eq(z, 1/(2*x**2 + 1))","sympy:eq(z, 1/(2*x**2 + 1))",display_math,display_math,False,True,False,False,False,False,False,False,False,False,False,False,False,True,high,,,
180,True,True,1.3321790402101223,1.3321790402101223,zx,zx,zx,zx,sympy:x*z,sympy:x*z,display_math,display_math,False,True,False,False,False,False,False,True,False,False,False,False,False,False,high,,,
181,True,False,1.3321790402101223,0.5004024235381879,\sin^{-1}(2x\sqrt{1-x^2})=2\cos^{-1}x,\sin^{-1}\left(2x\sqrt{1-x^2}\right) = 2 \cos^{-1} x,\sin ^{-1}(2x\sqrt {1-x^2})=2\cos ^{-1}x,\sin ^{-1} (2x\sqrt {1-x^2} )=2 \cos ^{-1} x,"sympy:eq(asin(2*(x*sqrt(1 - x**2))), 2*acos(x))","sympy:eq(asin(2*(x*sqrt(1 - x**2))), 2*acos(x))",display_math,display_math,False,True,False,False,False,False,False,False,False,False,False,False,False,True,high,,,
183,True,False,0.9502705392332347,0.0,(1-x^2)\frac{d^2y}{dx^2} - x\frac{dy}{dx} = 0.,(1 - x^2) \frac{d^2 y}{dx^2} - x \frac{dy}{dx} = 0,(1-x^2)\frac {d^2y}{dx^2}-x\frac {dy}{dx}=0,(1-x^2) \frac {d^2 y}{dx^2}-x \frac {dy}{dx}=0,"sympy:eq(-x*derivative(y, x) + ((d**2*y)/(dx**2))*(1 - x**2), 0)","sympy:eq(-x*derivative(y, x) + ((d**2*y)/(dx**2))*(1 - x**2), 0)",display_math,display_math,False,True,False,True,False,False,False,False,False,False,False,True,False,True,high,,,
188,False,False,1.0549201679861442,1.0549201679861442,\overrightarrow{\beta_2} = \frac{5}{2}\hat{i} + \frac{1}{2}\hat{j} - 3\hat{k},\vec{\beta_1} = \frac{3}{2} \hat{i} - \frac{1}{2} \hat{j} \quad \text{and} \quad \textcolor{red}{\vec{\beta_2} = \frac{5}{2} \hat{i} + \frac{1}{2} \hat{j} - 3\hat{k}}.,\overrightarrow {\beta _2}=\frac {5}{2}\hat {i}+\frac {1}{2}\hat {j}-3\hat {k},\vec {\beta _1}=\frac {3}{2} \hat {i}-\frac {1}{2} \hat {j} and \vec {\beta _2}=\frac {5}{2} \hat {i}+\frac {1}{2} \hat {j}-3\hat {k},"sympy:eq(beta_{2}*overrightarrow, -3*hat*k + ((5/2)*(hat*i) + (hat*j)/2))",text:\vec{\beta_1} = \frac{3}{2} \hat{i} - \frac{1}{2} \hat{j} and \textcolor{red}{\vec{\beta_2} = \frac{5}{2} \hat{i} + \frac{1}{2} \hat{j} - 3\hat{k}},display_math,display_math,False,False,True,False,False,False,False,False,False,False,True,False,True,False,high,,,
192,True,False,1.0549201679861442,0.5004024235381879,2x^{2} - 5x + 3 = 0,2x^2 - 5x + 3 = 0,2x^{2}-5x+3=0,2x^2-5x+3=0,"sympy:eq((2*x**2 - 5*x) + 3, 0)","sympy:eq((2*x**2 - 5*x) + 3, 0)",display_math,display_math,False,True,False,False,False,False,False,False,False,False,False,False,False,True,high,,,
198,False,False,1.6094379124341005,1.6094379124341005,"\text{Minors of the element } a_{ij} \text{ is } M_{ij}. \\
\text{Here } a_{11} = 1. \text{ So } M_{11} = \text{Minor of } a_{11} = 3 \\
M_{12} = \text{Minor of } a_{12} = 4 \\
M_{21} = \text{Minor of } a_{21} = -2 \\
M_{22} = \text{Minor of } a_{22} = 1 \\
\text{Now, Cofactor of } a_{ij} \text{ is } A_{ij}. \text{ So} \\
A_{11} = (-1)^{1+1} M_{11} = 3 \\
A_{12} = (-1)^{1+2} M_{12} = -4 \\
A_{21} = (-1)^{2+1} M_{21} = 2 \\
A_{22} = (-1)^{2+2} M_{22} = 1",A_{22} = (-1)^{2+2} M_{22} = 1,"minors of the element a_{ij} is m_{ij}. here a_{11}=1. so m_{11}=minor of a_{11}=3 m_{12}=minor of a_{12}=4 m_{21}=minor of a_{21}=-2 m_{22}=minor of a_{22}=1 now,cofactor of a_{ij} is a_{ij}. so a_{11}=(-1)^{1+1} m_{11}=3 a_{12}=(-1)^{1+2} m_{12}=-4 a_{21}=(-1)^{2+1} m_{21}=2 a_{22}=(-1)^{2+2} m_{22}=1",a_{22}=(-1)^{2+2} m_{22}=1,"text:minors of the element a_{ij} is m_{ij}. here a_{11} = 1. so m_{11} = minor of a_{11} = 3 m_{12} = minor of a_{12} = 4 m_{21} = minor of a_{21} = -2 m_{22} = minor of a_{22} = 1 now, cofactor of a_{ij} is a_{ij}. so a_{11} = (-1)^{1+1} m_{11} = 3 a_{12} = (-1)^{1+2} m_{12} = -4 a_{21} = (-1)^{2+1} m_{21} = 2 a_{22} = (-1)^{2+2} m_{22} = 1",text:a_{22} = (-1)^{2+2} m_{22} = 1,display_math,display_math,False,False,True,False,False,False,False,False,False,False,True,False,True,False,high,,,
199,False,False,1.3321790402101223,1.3321790402101223,y = \frac{21}{3} = 7,7,y=\frac {21}{3}=7,7,text:y = \frac{21}{3} = 7,sympy:7,display_math,display_math,False,False,False,False,False,False,False,True,False,False,False,False,False,False,high,,,
204,True,False,1.0549201679861442,1.0549201679861442,&= 11310,= \textcolor{red}{11310},&=11310,=11310,text:= 11310,text:= 11310,last_line,display_math,False,True,False,False,False,False,False,False,False,False,False,False,False,True,high,,,
206,False,True,1.6094379124341005,0.9502705392332347,\frac{1}{2},\frac{1}{2},\frac {1}{2},\frac {1}{2},sympy:1/2,sympy:1/2,display_math,display_math,False,False,False,False,False,False,False,False,False,False,False,False,False,True,high,,,
208,False,False,0.5004024235381879,0.0,3x^2 = -4y,"x^2 = -4\left(\frac{1}{3}\right)y, \quad \text{i.e.,} \quad 3x^2 = -4y.",3x^2=-4y,"x^2=-4 (\frac {1}{3} )y,i.e.,3x^2=-4y","sympy:eq(3*x**2, -4*y)","sympy:eq(x**2, -4*y/3)",display_math,display_math,False,False,True,False,False,False,False,False,False,False,True,False,False,False,high,,,
209,False,False,0.9502705392332347,0.9502705392332347,The perimeter of the park is 1600 m,},the perimeter of the park is 1600 m,},text:the perimeter of the park is 1600 m,text:},last_line,last_line,False,False,False,False,False,False,False,True,False,False,False,False,True,False,high,,,
215,True,True,0.6730116670092565,0.6730116670092565,"\frac{3}{\sqrt{77}}, \frac{-2}{\sqrt{77}}, \frac{8}{\sqrt{77}}","\frac{3}{\sqrt{77}}, \quad \frac{-2}{\sqrt{77}}, \quad \frac{8}{\sqrt{77}}.","\frac {3}{\sqrt {77}},\frac {-2}{\sqrt {77}},\frac {8}{\sqrt {77}}","\frac {3}{\sqrt {77}},\frac {-2}{\sqrt {77}},\frac {8}{\sqrt {77}}",sympy:3/(sqrt(77)),sympy:3/(sqrt(77)),last_line,display_math,False,True,False,False,True,False,False,False,True,False,False,False,True,False,high,,,
217,False,False,1.3321790402101223,1.3321790402101223,b = \frac{33}{4},\textcolor{red}{a} = \frac{3}{4} \quad \textcolor{red}{\text{and}} \quad \textcolor{red}{b} = \frac{33}{4}.,b=\frac {33}{4},a=\frac {3}{4} and b=\frac {33}{4},"sympy:eq(b, 33/4)",text:a = \frac{3}{4} and b = \frac{33}{4},display_math,display_math,False,False,True,False,False,False,False,False,False,False,True,False,False,False,high,,,
222,False,False,1.3321790402101223,1.3321790402101223,"18, 81, 42, 24","Hence, possible orders are \textcolor{red}{1 \times 8, 8 \times 1, 4 \times 2, 2 \times 4}","18,81,42,24","hence,possible orders are 1*8,8*1,4*2,2*4",sympy:18,sympy:h*(e*(n*(c*e))),display_math,last_line,False,False,False,False,True,False,False,False,True,True,False,False,True,False,high,,,
223,True,True,0.5004024235381879,0.5004024235381879,R_1,R_1,r_1,r_1,sympy:r_{1},sympy:r_{1},display_math,display_math,False,True,False,False,False,False,False,True,False,False,False,False,False,False,high,,,
224,False,False,0.9502705392332347,0.9502705392332347,\beta,"\textcolor{red}{\text{Also, prime numbers such as 2, 3, 5, and 7 have unique properties that are interesting to study.}}",\beta,"also,prime numbers such as 2,3,5,and 7 have unique properties that are interesting to study",sympy:beta,sympy:a*(l*(o*s)),display_math,display_math,False,False,False,False,True,False,False,False,True,False,False,False,True,False,high,,,
225,False,True,0.9502705392332347,0.9502705392332347,\frac{dS}{dt} = \frac{36}{10} = 3.6 \text{ cm}^2/\text{s},"\frac{dS}{dt} = \frac{36}{10} = 3.6 \, \text{cm}^2/\text{s}",\frac {ds}{dt}=\frac {36}{10}=3.6 cm^2/s,\frac {ds}{dt}=\frac {36}{10}=3.6 cm^2/s,text:\frac{ds}{dt} = \frac{36}{10} = 3.6 cm^2/s,"text:\frac{ds}{dt} = \frac{36}{10} = 3.6 \, cm^2/s",display_math,display_math,False,False,False,False,False,False,False,False,False,False,False,True,False,True,high,,,
229,True,True,0.0,0.0,t = 1,\textcolor{red}{t} = 1,t=1,t=1,"sympy:eq(t, 1)","sympy:eq(t, 1)",display_math,display_math,False,True,False,False,False,False,False,True,False,False,False,False,False,False,high,,,
230,False,False,1.6094379124341005,1.6094379124341005,"x^2 = 4(z)z, \text{i.e.,} x^2 = 8z.","x^2 = 4(2)\textcolor{red}{z}, \quad \text{i.e.,} \quad x^2 = 8\textcolor{red}{z}.","x^2=4(z)z,i.e.,x^2=8z","x^2=4(2)z,i.e.,x^2=8z","sympy:eq(x**2, 4*(z*z))","sympy:eq(x**2, 4*(2*z))",display_math,display_math,False,False,True,False,False,False,False,False,False,False,True,False,False,False,high,,,
232,False,True,0.5004024235381879,0.9502705392332347,\frac{1}{3^{-2}} \: = \frac{1}{3 \times (-2)} \: = \frac{1}{-6},\frac{1}{3^{-2}} = \frac{1}{3 \times (-2)} = \textcolor{red}{\frac{1}{-6}},\frac {1}{3^{-2}}=\frac {1}{3*(-2)}=\frac {1}{-6},\frac {1}{3^{-2}}=\frac {1}{3*(-2)}=\frac {1}{-6},text:\frac{1}{3^{-2}} \: = \frac{1}{3 \times (-2)} \: = \frac{1}{-6},text:\frac{1}{3^{-2}} = \frac{1}{3 \times (-2)} = \textcolor{red}{\frac{1}{-6}},display_math,display_math,False,False,False,False,False,False,False,False,False,False,False,False,True,True,high,,,
239,True,False,0.5004024235381879,0.5004024235381879,L.H.S = 9e^{-3x} + (-3e^{-3x}) - 6e^{-3x} = 9e^{-3x} - 9e^{-3x} = 0 = R.H.S.,\text{L.H.S.} = 9 e^{-3x} + (-3e^{-3x}) - 6e^{-3x} = 9 e^{-3x} - 9 e^{-3x} = 0 = \text{R.H.S.}.,l.h.s=9e^{-3x}+(-3e^{-3x})-6e^{-3x}=9e^{-3x}-9e^{-3x}=0=r.h.s,l.h.s.=9 e^{-3x}+(-3e^{-3x})-6e^{-3x}=9 e^{-3x}-9 e^{-3x}=0=r.h.s,sympy:l,sympy:l,display_math,display_math,False,True,False,False,False,False,False,False,False,False,False,False,False,True,high,,,
240,False,False,1.6094379124341005,1.6094379124341005,"\frac{1}{2} \begin{vmatrix}
1 & 3 & 1 \\
0 & 0 & 1 \\
K & 0 & 1 
\end{vmatrix} = \pm 3.","\textcolor{red}{\frac{3k}{2}} = \pm 3, \quad \text{i.e.,} \quad k = \pm 2.",\frac {1}{2} \begin {vmatrix} 1 & 3 & 1 0 & 0 & 1 k & 0 & 1 \end {vmatrix}=\pm 3,"\frac {3k}{2}=\pm 3,i.e.,k=\pm 2",text:\frac{1}{2} \begin{vmatrix} 1 3 1 0 0 1 k 0 1 \end{vmatrix} = \pm 3,"sympy:eq(textcolor*(((3*k)/2)*(r*(d*e))), pm*3)",display_math,display_math,False,False,True,False,False,False,False,False,False,False,True,False,True,False,high,,,
243,False,False,0.6730116670092565,0.6730116670092565,"Therefore, R is an equivalence relation",R,"therefore,r is an equivalence relation",r,"text:therefore, r is an equivalence relation",sympy:r,last_line,display_math,False,False,False,False,False,False,False,True,True,False,False,False,True,False,high,,,
244,True,True,0.9502705392332347,0.9502705392332347,B',\textcolor{red}{B'},b',b',sympy:b',sympy:b',display_math,display_math,False,True,False,False,False,False,False,True,False,False,False,False,False,False,high,,,
245,False,False,0.9502705392332347,0.9502705392332347,50y^2 - 88x^2 = 275,"\frac{y^2}{\frac{11}{4}} - \frac{x^2}{\textcolor{red}{\frac{25}{2}}} = 1, \text{ i.e., } \textcolor{red}{50}y^2 - \textcolor{red}{88}x^2 = 275.",50y^2-88x^2=275,"\frac {y^2}{\frac {11}{4}}-\frac {x^2}{\frac {25}{2}}=1,i.e.,50y^2-88x^2=275","sympy:eq(-88*x**2 + 50*y**2, 275)","text:\frac{y^2}{\frac{11}{4}} - \frac{x^2}{\textcolor{red}{\frac{25}{2}}} = 1, i.e., 50y^2 - 88x^2 = 275",display_math,display_math,False,False,True,False,False,False,False,False,False,False,True,False,True,False,high,,,
246,False,False,0.9502705392332347,0.9502705392332347,x,\textcolor{red}{3x + 5} = 44,x,3x+5=44,sympy:x,"sympy:eq(3*x + 5, 44)",display_math,display_math,False,False,False,False,False,False,False,True,False,False,False,False,False,False,high,,,
250,True,True,0.5004024235381879,0.5004024235381879,R,R,r,r,sympy:r,sympy:r,display_math,display_math,False,True,False,False,False,False,False,True,False,False,False,False,False,False,high,,,
254,True,True,0.9502705392332347,0.9502705392332347,2^4,2^4,2^4,2^4,sympy:2**4,sympy:2**4,display_math,display_math,False,True,False,False,False,False,False,True,False,False,False,False,False,False,high,,,
258,True,False,1.3321790402101223,0.9502705392332347,\frac{63}{25} + \frac{16}{25}i,\frac{63}{25} + \frac{16}{25} i.,\frac {63}{25}+\frac {16}{25}i,\frac {63}{25}+\frac {16}{25} i,sympy:(16/25)*i + 63/25,sympy:(16/25)*i + 63/25,display_math,display_math,False,True,False,False,False,False,False,False,False,False,False,False,False,True,high,,,
263,False,False,0.9502705392332347,0.9502705392332347,z=k1,"x = \textcolor{red}{x2}, \quad y = 2, \quad z = \textcolor{red}{k1}.",z=k1,"x=x2,y=2,z=k1","sympy:eq(z, k*1)","sympy:eq(x, x*2)",display_math,display_math,False,False,True,False,False,False,False,False,False,False,True,False,False,False,high,,,
264,False,False,0.9502705392332347,0.9502705392332347,"Solving (1) and (2), we get: A = 45^\circ and B = 15^\circ",B = 15^\circ,"solving (1) and (2),we get: a=45^\circ and b=15^\circ",b=15^\circ,"text:solving (1) and (2), we get: a = 45^\circ and b = 15^\circ","sympy:eq(b, 15**circ)",last_line,display_math,False,False,True,False,False,False,False,False,False,False,True,False,True,False,high,,,
265,False,False,0.9502705392332347,0.9502705392332347,y = 13,13,y=13,13,"sympy:eq(y, 13)",sympy:13,display_math,display_math,False,False,False,False,False,False,False,True,False,False,False,False,False,False,high,,,
269,False,False,1.3321790402101223,1.3321790402101223,x = \frac{49}{29},x,x=\frac {49}{29},x,"sympy:eq(x, 49/29)",sympy:x,display_math,display_math,False,False,False,False,False,False,False,True,False,False,False,False,False,False,high,,,
271,False,False,0.0,0.0,25,\left( \frac{2}{3} \right)^{-2} = \frac{2^{-2}}{3^{-2}} = \frac{3^{2}}{2^{2}} = \frac{9}{4} = \textcolor{red}{2.25},25,( \frac {2}{3} )^{-2}=\frac {2^{-2}}{3^{-2}}=\frac {3^{2}}{2^{2}}=\frac {9}{4}=2.25,sympy:25,text:( \frac{2}{3} )^{-2} = \frac{2^{-2}}{3^{-2}} = \frac{3^{2}}{2^{2}} = \frac{9}{4} = 2.25,last_line,display_math,False,False,False,False,False,False,False,True,False,False,False,False,True,False,high,,,
272,False,True,1.3321790402101223,1.6094379124341005,S_5 = 3\left(1-\left(\frac{2}{3}\right)^5\right) = 3\times \frac{211}{243} = \frac{121}{81},S_5 = 3\left(1 - \left(\frac{2}{3}\right)^5\right) = 3 \times \frac{211}{243} = \textcolor{red}{\frac{121}{81}}.,s_5=3 (1-(\frac {2}{3} )^5 )=3*\frac {211}{243}=\frac {121}{81},s_5=3 (1-(\frac {2}{3} )^5 )=3*\frac {211}{243}=\frac {121}{81},text:s_5 = 3(1-(\frac{2}{3})^5) = 3\times \frac{211}{243} = \frac{121}{81},text:s_5 = 3(1 - (\frac{2}{3})^5) = 3 \times \frac{211}{243} = \textcolor{red}{\frac{121}{81}},display_math,display_math,False,False,False,False,False,False,False,False,False,False,False,False,True,True,high,,,
273,False,False,1.3321790402101223,1.3321790402101223,},\frac{\textcolor{red}{2}}{4},},\frac {2}{4},text:},sympy:2/4,last_line,display_math,False,False,False,False,False,False,False,True,False,False,False,False,False,False,high,,,
274,False,False,0.9502705392332347,0.5004024235381879,P(E \cap F) = P(E) \cdot P(F),F,p(e \cap f)=p(e)*p(f),f,"sympy:eq(p(e*(cap*f)), p(e)*p(f))",sympy:f,display_math,display_math,False,False,False,False,False,False,False,True,False,True,False,False,False,False,high,,,
275,False,True,1.3321790402101223,1.6094379124341005,\frac{ds}{dt} = \frac{36}{10} = 3.6 \text{ cm}^2 \text{/s},"\frac{dS}{dt} = \frac{36}{10} = 3.6 \, \text{cm}^2/\text{s}",\frac {ds}{dt}=\frac {36}{10}=3.6 cm^2/s,\frac {ds}{dt}=\frac {36}{10}=3.6 cm^2/s,text:\frac{ds}{dt} = \frac{36}{10} = 3.6 cm^2 /s,"text:\frac{ds}{dt} = \frac{36}{10} = 3.6 \, cm^2/s",display_math,display_math,False,False,False,False,False,False,False,False,False,False,False,True,False,True,high,,,
276,False,False,1.0549201679861442,1.0549201679861442,"Therefore, 243 is not a perfect cube",243,"therefore,243 is not a perfect cube",243,"text:therefore, 243 is not a perfect cube",sympy:243,last_line,display_math,False,False,False,False,False,False,False,True,True,False,False,False,True,False,high,,,
280,False,True,1.3321790402101223,1.3321790402101223,= 11130 \text{ cm},"= \textcolor{red}{11130 \, \text{cm}}",=11130 cm,=11130 cm,text:= 11130 cm,"text:= 11130 \, cm",display_math,display_math,False,False,False,False,False,False,False,False,False,False,False,False,False,True,high,,,
282,True,True,0.5004024235381879,0.5004024235381879,c,C,c,c,sympy:c,sympy:c,display_math,display_math,False,True,False,False,False,False,False,True,False,False,False,False,False,False,high,,,
284,False,True,0.5004024235381879,1.0549201679861442,256=2^8,256 = 2^8,256=2^8,256=2^8,text:256=2^8,text:256 = 2^8,display_math,display_math,False,False,False,False,False,False,False,False,False,False,False,False,False,True,high,,,
285,True,False,1.0549201679861442,0.0,"3, 4, 5, 6, 7, ...","3, 4, 5, 6, 7, \ldots","3,4,5,6,7,","3,4,5,6,7,\ldots",sympy:3,sympy:3,display_math,display_math,False,True,False,False,True,False,False,False,True,False,False,False,False,True,high,,,
288,False,True,1.3321790402101223,1.6094379124341005,|\vec{a}+\vec{b}+\vec{c}|=\sqrt{77}=\sqrt{77},|\vec{a} + \vec{b} + \vec{c}| = \sqrt{\textcolor{red}{77}} = \textcolor{red}{\sqrt{77}},|\vec {a}+\vec {b}+\vec {c}|=\sqrt {77}=\sqrt {77},|\vec {a}+\vec {b}+\vec {c}|=\sqrt {77}=\sqrt {77},text:|\vec{a}+\vec{b}+\vec{c}|=\sqrt{77}=\sqrt{77},text:|\vec{a} + \vec{b} + \vec{c}| = \sqrt{77} = \textcolor{red}{\sqrt{77}},last_line,display_math,False,False,False,False,False,False,False,False,False,False,False,False,True,True,high,,,
289,True,True,0.9502705392332347,0.9502705392332347,B,B,b,b,sympy:b,sympy:b,display_math,display_math,False,True,False,False,False,False,False,True,False,False,False,False,False,False,high,,,
291,True,True,0.0,0.0,x,x,x,x,sympy:x,sympy:x,display_math,display_math,False,True,False,False,False,False,False,True,False,False,False,False,False,False,high,,,
293,True,False,1.3321790402101223,0.9502705392332347,V = 7546 \text{ cm}^{3},"V = 7546 \, \text{cm}^3",v=7546 cm^{3},v=7546 cm^3,"sympy:eq(v, 7546*(c*m**3))","sympy:eq(v, 7546*(c*m**3))",display_math,display_math,False,True,False,False,False,False,False,False,False,False,False,False,False,True,high,,,
294,True,False,1.6094379124341005,1.3321790402101223,&= -\frac{1 \times 7}{3 \times 7} &= -\frac{18}{17},"-\frac{5}{15}, \quad -\frac{1 \times 6}{3 \times 6}, \quad -\frac{6}{18}, \quad -\frac{1 \times 7}{3 \times 7} = \textcolor{red}{-\frac{2}{17}}.",&=-\frac {1*7}{3*7} &=-\frac {18}{17},"-\frac {5}{15},-\frac {1*6}{3*6},-\frac {6}{18},-\frac {1*7}{3*7}=-\frac {2}{17}",text:= -\frac{1 \times 7}{3 \times 7} = -\frac{18}{17},sympy:-5/15,last_line,display_math,False,True,False,False,False,False,False,False,False,False,False,False,True,True,high,,,
298,False,False,0.9502705392332347,0.9502705392332347,x = 2 \quad \text{and},x = 2 \quad \text{and} \quad \textcolor{red}{y = 3).,x=2 and,x=2 and \textcolor {red}{y=3),"sympy:eq(x, 2*(a*(d*n)))",text:x = 2 and \textcolor{red}{y = 3),display_math,display_math,False,False,True,False,False,False,False,False,False,False,True,False,False,False,high,,,
299,False,False,0.9502705392332347,0.9502705392332347,Z,R,z,r,sympy:z,sympy:r,display_math,display_math,False,False,False,False,False,False,False,True,False,False,False,False,False,False,high,,,
0,False,False,1.0549201679861442,1.0549201679861442,"Hence, the required number of words is 24",4 \times 3 \times 2 \times 1 = 24,"hence,the required number of words is 24",4*3*2*1=24,sympy:h*(e*(n*(c*e))),text:4 \times 3 \times 2 \times 1 = 24,last_line,display_math,False,False,False,False,False,False,False,False,True,False,False,False,True,False,medium,,,
1,False,False,1.6094379124341005,1.6094379124341005,(-j)(2j)\left(\frac{-1}{8}i\right)^3 = 2 \times \frac{1}{8 \times 8 \times 8} \times i^5 = \frac{1}{256}(j^2)^2 = \frac{1}{256}j,\left( -\textcolor{red}{j} \right) \left( 2\textcolor{red}{j} \right) \left( \frac{-1}{8} \textcolor{red}{j} \right)^3 = 2 \times \frac{1}{8 \times 8 \times 8} \times \textcolor{red}{j}^5 = \frac{1}{256} (\textcolor{red}{j}^2)^2 = \frac{1}{256} \textcolor{red}{j},(-j)(2j) (\frac {-1}{8}i )^3=2*\frac {1}{8*8*8}*i^5=\frac {1}{256}(j^2)^2=\frac {1}{256}j,(-j ) ( 2j ) ( \frac {-1}{8} j )^3=2*\frac {1}{8*8*8}*j^5=\frac {1}{256} (j^2)^2=\frac {1}{256} j,text:(-j)(2j)(\frac{-1}{8}i)^3 = 2 \times \frac{1}{8 \times 8 \times 8} \times i^5 = \frac{1}{256}(j^2)^2 = \frac{1}{256}j,text:( -j ) ( 2j ) ( \frac{-1}{8} j )^3 = 2 \times \frac{1}{8 \times 8 \times 8} \times j^5 = \frac{1}{256} (j^2)^2 = \frac{1}{256} j,display_math,display_math,False,False,False,False,False,False,False,False,False,False,False,False,True,False,medium,,,
8,False,False,1.6094379124341005,1.6094379124341005,"\begin{aligned}
& \frac{4}{15}A = \frac{2}{5}B \\
& \Rightarrow A = \left(\frac{2}{5} \times \frac{15}{4}\right)B \\
& \Rightarrow A = \frac{8}{4}B \\
& \Rightarrow \frac{A}{B} = \frac{8}{4} \\
& \therefore A : B = 8 : 4 \\
& B's \ Share = Rs. \quad \left(1210 \times \frac{4}{15}\right) = Rs. 403.33
\end{aligned}",option b,\begin {aligned} & \frac {4}{15}a=\frac {2}{5}b & \rightarrow a=(\frac {2}{5}*\frac {15}{4} )b & \rightarrow a=\frac {8}{4}b & \rightarrow \frac {a}{b}=\frac {8}{4} & \therefore a : b=8 : 4 & b's \ share=rs. (1210*\frac {4}{15} )=rs. 403.33 \end {aligned},option b,text:\begin{aligned} \frac{4}{15}a = \frac{2}{5}b \rightarrow a = (\frac{2}{5} \times \frac{15}{4})b \rightarrow a = \frac{8}{4}b \rightarrow \frac{a}{b} = \frac{8}{4} \therefore a : b = 8 : 4 b's \ share = rs. (1210 \times \frac{4}{15}) = rs. 403.33 \end{aligned},text:option b,display_math,option,True,False,False,False,False,True,False,False,False,False,False,False,True,False,medium,,,
17,False,False,1.6094379124341005,1.6094379124341005,\angle 40^\circ 20' = \frac{121\pi}{540} \text{ radian}.,40^\circ 20' = \frac{121\pi}{540} \text{ radian}.,\angle 40^\circ 20'=\frac {121\pi }{540} radian,40^\circ 20'=\frac {121\pi }{540} radian,sympy:angle*(40**circ*20),sympy:40**circ*20,display_math,display_math,False,False,False,False,False,False,False,False,False,False,False,False,True,False,medium,,,
20,False,False,0.9502705392332347,0.5004024235381879,|\overrightarrow{p} + \overrightarrow{q} + \overrightarrow{r}| = \sqrt{50} = 5\sqrt{2}.,|\textcolor{red}{\vec{p}} + \textcolor{red}{\vec{q}} + \textcolor{red}{\vec{r}}| = \sqrt{50} = 5\sqrt{2},|\overrightarrow {p}+\overrightarrow {q}+\overrightarrow {r}|=\sqrt {50}=5\sqrt {2},|\vec {p}+\vec {q}+\vec {r}|=\sqrt {50}=5\sqrt {2},text:|\overrightarrow{p} + \overrightarrow{q} + \overrightarrow{r}| = \sqrt{50} = 5\sqrt{2},text:|\textcolor{red}{\vec{p}} + \textcolor{red}{\vec{q}} + \textcolor{red}{\vec{r}}| = \sqrt{50} = 5\sqrt{2},display_math,display_math,False,False,False,False,False,False,False,False,False,False,False,False,True,False,medium,,,
23,True,True,0.5004024235381879,0.5004024235381879,\frac{-3}{-15} = \frac{-3 \div (-3)}{-15 \div (-3)} = \frac{1}{5},\frac{-3}{-15} = \frac{-3 \div (-3)}{-15 \div (-3)} = \frac{1}{5},\frac {-3}{-15}=\frac {-3/(-3)}{-15/(-3)}=\frac {1}{5},\frac {-3}{-15}=\frac {-3/(-3)}{-15/(-3)}=\frac {1}{5},text:\frac{-3}{-15} = \frac{-3 \div (-3)}{-15 \div (-3)} = \frac{1}{5},text:\frac{-3}{-15} = \frac{-3 \div (-3)}{-15 \div (-3)} = \frac{1}{5},display_math,display_math,False,True,False,False,False,False,False,False,False,False,False,False,True,False,medium,,,
26,False,False,0.5004024235381879,0.5004024235381879,\frac{11}{4} \log |x + 1| + \frac{5}{2(x + 1)} - \frac{11}{4} \log |x + 3| + C,= \frac{11}{4} \log \left| \frac{x+1}{x+3} \right| + \frac{5}{2(x+1)} + C,\frac {11}{4} \log |x+1|+\frac {5}{2(x+1)}-\frac {11}{4} \log |x+3|+c,=\frac {11}{4} \log | \frac {x+1}{x+3} |+\frac {5}{2(x+1)}+c,"sympy:c + (((11/4)*log(abs(x + 1), e) + 5/((2*(x + 1)))) - 11/4*log(abs(x + 3), e))",text:= \frac{11}{4} \log | \frac{x+1}{x+3} | + \frac{5}{2(x+1)} + c,display_math,display_math,False,False,False,False,False,False,False,False,False,False,False,False,True,False,medium,,,
38,False,False,0.6730116670092565,1.0549201679861442,"Further, f is not onto, as for 1 ∈ N , there does not exist any x in N such that f(x) = 2x = 1",f(x) = 2x = 1,"further,f is not onto,as for 1 ∈ n,there does not exist any x in n such that f(x)=2x=1",f(x)=2x=1,"text:further, f is not onto, as for 1 ∈ n , there does not exist any x in n such that f(x) = 2x = 1",text:f(x) = 2x = 1,last_line,display_math,False,False,False,False,False,False,False,False,False,False,False,False,True,False,medium,,,
39,False,False,1.6094379124341005,1.3321790402101223,i^{-35} = \frac{1}{i^{35}} = \frac{1}{(i^2)^{17}i} = \frac{1 \times i}{-i} = \frac{i}{-(-1)} = i.,i^{-35} = \frac{1}{i^{35}} = \frac{1}{(i^2)^{17}i} = \frac{1 \times i}{-i} = \frac{i}{-(-1)} = \textcolor{red}{i \text{ cm}}.,i^{-35}=\frac {1}{i^{35}}=\frac {1}{(i^2)^{17}i}=\frac {1*i}{-i}=\frac {i}{-(-1)}=i,i^{-35}=\frac {1}{i^{35}}=\frac {1}{(i^2)^{17}i}=\frac {1*i}{-i}=\frac {i}{-(-1)}=i cm,"sympy:eq(false, i)",text:i^{-35} = \frac{1}{i^{35}} = \frac{1}{(i^2)^{17}i} = \frac{1 \times i}{-i} = \frac{i}{-(-1)} = i cm,display_math,display_math,False,False,False,False,False,False,False,False,False,False,False,False,True,False,medium,,,
45,False,False,1.6094379124341005,1.6094379124341005,y = \frac{3(-3) + 1(5)}{3+1} = \frac{-9 + 5}{4} = -1,"(7, \textcolor{red}{4})",y=\frac {3(-3)+1(5)}{3+1}=\frac {-9+5}{4}=-1,"(7,4)",text:y = \frac{3(-3) + 1(5)}{3+1} = \frac{-9 + 5}{4} = -1,"text:(7, 4)",display_math,display_math,False,False,False,False,False,False,False,False,True,False,False,False,False,False,medium,,,
50,True,True,0.5004024235381879,0.5004024235381879,"A' = \{2, 4, 6, 8, 10\}.","A' = \{2, 4, 6, 8, 10\}.","a'={2,4,6,8,10}","a'={2,4,6,8,10}","text:a' = \{2, 4, 6, 8, 10\}","text:a' = \{2, 4, 6, 8, 10\}",display_math,display_math,False,True,False,False,False,False,False,False,False,True,False,False,False,False,medium,,,
60,False,False,1.6094379124341005,1.6094379124341005,"\text{Hence, the required marginal revenue is 76}.","\text{₹} \, 7776","hence,the required marginal revenue is 76",₹ 7776,sympy:h*(e*(n*(c*e))),"text:₹ \, 7776",display_math,display_math,False,False,False,False,False,False,False,False,True,False,False,False,True,False,medium,,,
64,False,False,0.9502705392332347,1.3321790402101223,\sin^{-1}\left(\sin \frac{3\pi}{5}\right) = \sin^{-1}\left(\sin \frac{2\pi}{5}\right) = \frac{2\pi}{5}.,\sin^{-1} \left( \sin \frac{3\pi}{5} \right) = \sin^{-1} \left( \sin \frac{2\pi}{5} \right) = \frac{2\pi}{5}.,\sin ^{-1} (\sin \frac {3\pi }{5} )=\sin ^{-1} (\sin \frac {2\pi }{5} )=\frac {2\pi }{5},\sin ^{-1} ( \sin \frac {3\pi }{5} )=\sin ^{-1} ( \sin \frac {2\pi }{5} )=\frac {2\pi }{5},text:\sin^{-1}(\sin \frac{3\pi}{5}) = \sin^{-1}(\sin \frac{2\pi}{5}) = \frac{2\pi}{5},text:\sin^{-1} ( \sin \frac{3\pi}{5} ) = \sin^{-1} ( \sin \frac{2\pi}{5} ) = \frac{2\pi}{5},display_math,display_math,False,False,False,False,False,False,False,False,False,False,False,False,True,False,medium,,,
66,False,False,1.6094379124341005,1.6094379124341005,\left(-i\right)(2i)\left(\frac{-1}{8} - i\right)^3 = 2 \times \frac{1}{256} \times i^5 = \frac{1}{256}i,\left( -i \right) \left( 2i \right) \left( \frac{-1}{8} i \right)^3 = 2 \times \frac{1}{256} \times i^5 = \frac{1}{256} i,(-i )(2i) (\frac {-1}{8}-i )^3=2*\frac {1}{256}*i^5=\frac {1}{256}i,(-i ) ( 2i ) ( \frac {-1}{8} i )^3=2*\frac {1}{256}*i^5=\frac {1}{256} i,text:(-i)(2i)(\frac{-1}{8} - i)^3 = 2 \times \frac{1}{256} \times i^5 = \frac{1}{256}i,text:( -i ) ( 2i ) ( \frac{-1}{8} i )^3 = 2 \times \frac{1}{256} \times i^5 = \frac{1}{256} i,display_math,display_math,False,False,False,False,False,False,False,False,False,False,False,False,True,False,medium,,,
71,False,False,0.5004024235381879,0.5004024235381879,3.14159.,\frac{dy}{dx} = 1. \textcolor{red}{\text{ Note that } \pi \text{ is a constant approximately equal to 3.14159.}},3.14159,\frac {dy}{dx}=1. note that \pi is a constant approximately equal to 3.14159,sympy:3.14159000000000,text:\frac{dy}{dx} = 1. note that \pi is a constant approximately equal to 3.14159,display_math,display_math,False,False,False,False,False,False,False,False,False,False,False,True,True,False,medium,,,
72,False,False,1.6094379124341005,1.6094379124341005,"\begin{aligned}
&\textbf{1. First expression:} \\
&5m(3 - m) = (5m \times 3) - (5m \times m) = 15m - 5m^2 \\
&\text{Now adding the second expression to it:} \\
&15m - 5m^2 + 6m^2 - 13m = m^2 \text{ meters} + 2m \text{ meters} \\
\\
&\textbf{2. First expression:} \\
&4y(3y^2 + 5y - 7) = (4y \times 3y^2) + (4y \times 5y) + (4y \times (-7)) = 12y^3 + 20y^2 - 28y \\
&\text{Second expression:} \\
&2(y^3 - 4y^2 + s) = 2y^3 + 2 \times (-4y^2) + 2 \times s = 2y^3 - 8y^2 + 2s \\
&\text{Adding the two expressions:} \\
&12y^3 + 20y^2 - 28y + 2y^3 - 8y^2 + 2s = 14y^3 \text{ liters} + 12y^2 \text{ liters} - 28y + 10
\end{aligned}",12y^3 + 20y^2 - 28y + 2y^3 - 8y^2 + 10 = \textcolor{red}{14y^3\ \text{liters}} + \textcolor{red}{12y^2\ \text{liters}} - 28y + 10,\begin {aligned} &1. first expression: &5m(3-m)=(5m*3)-(5m*m)=15m-5m^2 &now adding the second expression to it: &15m-5m^2+6m^2-13m=m^2 meters+2m meters &2. first expression: &4y(3y^2+5y-7)=(4y*3y^2)+(4y*5y)+(4y*(-7))=12y^3+20y^2-28y &second expression: &2(y^3-4y^2+s)=2y^3+2*(-4y^2)+2*s=2y^3-8y^2+2s &adding the two expressions: &12y^3+20y^2-28y+2y^3-8y^2+2s=14y^3 liters+12y^2 liters-28y+10 \end {aligned},12y^3+20y^2-28y+2y^3-8y^2+10=14y^3\ liters+12y^2\ liters-28y+10,text:\begin{aligned} \textbf{1. first expression:} 5m(3 - m) = (5m \times 3) - (5m \times m) = 15m - 5m^2 now adding the second expression to it: 15m - 5m^2 + 6m^2 - 13m = m^2 meters + 2m meters \textbf{2. first expression:} 4y(3y^2 + 5y - 7) = (4y \times 3y^2) + (4y \times 5y) + (4y \times (-7)) = 12y^3 + 20y^2 - 28y second expression: 2(y^3 - 4y^2 + s) = 2y^3 + 2 \times (-4y^2) + 2 \times s = 2y^3 - 8y^2 + 2s adding the two expressions: 12y^3 + 20y^2 - 28y + 2y^3 - 8y^2 + 2s = 14y^3 liters + 12y^2 liters - 28y + 10 \end{aligned},text:12y^3 + 20y^2 - 28y + 2y^3 - 8y^2 + 10 = 14y^3\ liters + 12y^2\ liters - 28y + 10,display_math,display_math,False,False,False,False,False,False,False,False,False,False,False,False,True,False,medium,,,
80,False,False,1.3321790402101223,1.3321790402101223,= \frac{11}{4} \log \left|\frac{x+3}{x+1}\right| + \frac{5}{2(x+1)} + C,= \frac{11}{4} \log \left| \frac{\textcolor{red}{x+3}}{\textcolor{red}{x+1}} \right| + \frac{5}{2(x+1)} + C,=\frac {11}{4} \log |\frac {x+3}{x+1} |+\frac {5}{2(x+1)}+c,=\frac {11}{4} \log | \frac {x+3}{x+1} |+\frac {5}{2(x+1)}+c,text:= \frac{11}{4} \log |\frac{x+3}{x+1}| + \frac{5}{2(x+1)} + c,text:= \frac{11}{4} \log | \frac{x+3}{x+1} | + \frac{5}{2(x+1)} + c,display_math,display_math,False,False,False,False,False,False,False,False,False,False,False,False,True,False,medium,,,
81,False,False,1.6094379124341005,1.6094379124341005,\frac{dA}{dt} = 2\pi (5)(4) = 40\pi \text{ cm}^2/\text{s},"r = 10 \, \text{cm}",\frac {da}{dt}=2\pi (5)(4)=40\pi cm^2/s,r=10 cm,text:\frac{da}{dt} = 2\pi (5)(4) = 40\pi cm^2/s,"sympy:eq(r, 10*(c*m))",display_math,display_math,False,False,False,False,False,False,False,False,False,False,False,True,False,False,medium,,,
87,False,False,1.6094379124341005,1.6094379124341005,\int \frac{\left(x^{4}-x\right)^{\frac{1}{4}}}{x^{5}} d x = \frac{1}{3} \int t^{4} d t = \frac{1}{3} \times \frac{4}{5} t^{\frac{5}{4}} + C = \frac{4}{15}\left(1-\frac{1}{x^{3}}\right)^{\frac{5}{4}} + C,"\int \frac{(x^4 - x)^{\frac{1}{4}}}{x^5} \, dx = \frac{1}{3} \int t^4 \, dt = \frac{1}{3} \times \frac{4}{5} t^5 + C = \frac{4}{15} \left(1 - \frac{1}{x^3}\right)^{\frac{5}{4}} + C",\int \frac { (x^{4}-x )^{\frac {1}{4}}}{x^{5}} d x=\frac {1}{3} \int t^{4} d t=\frac {1}{3}*\frac {4}{5} t^{\frac {5}{4}}+c=\frac {4}{15} (1-\frac {1}{x^{3}} )^{\frac {5}{4}}+c,\int \frac {(x^4-x)^{\frac {1}{4}}}{x^5} dx=\frac {1}{3} \int t^4 dt=\frac {1}{3}*\frac {4}{5} t^5+c=\frac {4}{15} (1-\frac {1}{x^3} )^{\frac {5}{4}}+c,text:\int \frac{(x^{4}-x)^{\frac{1}{4}}}{x^{5}} d x = \frac{1}{3} \int t^{4} d t = \frac{1}{3} \times \frac{4}{5} t^{\frac{5}{4}} + c = \frac{4}{15}(1-\frac{1}{x^{3}})^{\frac{5}{4}} + c,"text:\int \frac{(x^4 - x)^{\frac{1}{4}}}{x^5} \, dx = \frac{1}{3} \int t^4 \, dt = \frac{1}{3} \times \frac{4}{5} t^5 + c = \frac{4}{15} (1 - \frac{1}{x^3})^{\frac{5}{4}} + c",display_math,display_math,False,False,False,False,False,False,False,False,False,False,False,False,True,False,medium,,,
101,False,False,1.6094379124341005,1.6094379124341005,"Population in the beginning of 1998 = 20,000 (we treat this as the principal for the 1st year)",5 square meters},"population in the beginning of 1998=20,000 (we treat this as the principal for the 1st year)",5 square meters},"text:population in the beginning of 1998 = 20,000 (we treat this as the principal for the 1st year)",text:5 square meters},last_line,last_line,False,False,False,False,False,False,False,False,False,False,False,False,True,False,medium,,,
111,False,False,1.6094379124341005,1.3321790402101223,\hat{b} = \frac{1}{\sqrt{14}} (2\hat{i}+3\hat{j}+\hat{k}) = \frac{2}{\sqrt{14}}\hat{i}+\frac{3}{\sqrt{14}}\hat{j}+\frac{1}{\sqrt{14}}\hat{k}.,\textcolor{red}{\hat{b}} = \frac{1}{\sqrt{14}} (2\hat{i} + 3\hat{j} + \hat{k}) = \frac{2}{\sqrt{14}} \hat{i} + \frac{3}{\sqrt{14}} \hat{j} + \frac{1}{\sqrt{14}} \hat{k}.,\hat {b}=\frac {1}{\sqrt {14}} (2\hat {i}+3\hat {j}+\hat {k})=\frac {2}{\sqrt {14}}\hat {i}+\frac {3}{\sqrt {14}}\hat {j}+\frac {1}{\sqrt {14}}\hat {k},\hat {b}=\frac {1}{\sqrt {14}} (2\hat {i}+3\hat {j}+\hat {k})=\frac {2}{\sqrt {14}} \hat {i}+\frac {3}{\sqrt {14}} \hat {j}+\frac {1}{\sqrt {14}} \hat {k},text:\hat{b} = \frac{1}{\sqrt{14}} (2\hat{i}+3\hat{j}+\hat{k}) = \frac{2}{\sqrt{14}}\hat{i}+\frac{3}{\sqrt{14}}\hat{j}+\frac{1}{\sqrt{14}}\hat{k},text:\textcolor{red}{\hat{b}} = \frac{1}{\sqrt{14}} (2\hat{i} + 3\hat{j} + \hat{k}) = \frac{2}{\sqrt{14}} \hat{i} + \frac{3}{\sqrt{14}} \hat{j} + \frac{1}{\sqrt{14}} \hat{k},display_math,display_math,False,False,False,False,False,False,False,False,False,False,False,False,True,False,medium,,,
113,True,True,0.5004024235381879,0.5004024235381879,R_1 \cap R_2,R_1 \cap R_2,r_1 \cap r_2,r_1 \cap r_2,sympy:r_{1}*(cap*r_{2}),sympy:r_{1}*(cap*r_{2}),display_math,display_math,False,True,False,False,False,False,False,False,False,True,False,False,False,False,medium,,,
129,False,False,1.6094379124341005,1.6094379124341005,\text{Percentage increase} = \frac{2}{4} \times 100 = 50\%,= \frac{\text{increase in the number of wins}}{\text{original number of wins}} \times 100 = \frac{2}{4} \times 100 = 50,percentage increase=\frac {2}{4}*100=50\%,=\frac {increase in the number of wins}{original number of wins}*100=\frac {2}{4}*100=50,text:percentage increase = \frac{2}{4} \times 100 = 50\%,text:= \frac{increase in the number of wins}{original number of wins} \times 100 = \frac{2}{4} \times 100 = 50,display_math,display_math,False,False,False,False,False,False,False,False,False,False,False,False,True,False,medium,,,
131,False,False,1.6094379124341005,1.3321790402101223,"\text{We know that values of } \cos x \text{ repeat after an interval of } 2\pi \text{ or } 360^\circ. \text{ Therefore}, \\
\cos(-1710^\circ) = \cos(-1710^\circ + 5 \times 360^\circ) = \cos(-1710^\circ + 1800^\circ) = \cos90^\circ = 0",\cos(-1710^\circ) = \cos(-1710^\circ + 5 \times 360^\circ) = \cos(\textcolor{red}{-1710^\circ + 1700^\circ}) = \cos(-1710^\circ + 1800^\circ) = \cos 90^\circ = 0.,"we know that values of \cos x repeat after an interval of 2\pi or 360^\circ . therefore,\cos (-1710^\circ )=\cos (-1710^\circ+5*360^\circ )=\cos (-1710^\circ+1800^\circ )=\cos 90^\circ=0",\cos (-1710^\circ )=\cos (-1710^\circ+5*360^\circ )=\cos (-1710^\circ+1700^\circ )=\cos (-1710^\circ+1800^\circ )=\cos 90^\circ=0,"text:we know that values of \cos x repeat after an interval of 2\pi or 360^\circ. therefore, \cos(-1710^\circ) = \cos(-1710^\circ + 5 \times 360^\circ) = \cos(-1710^\circ + 1800^\circ) = \cos90^\circ = 0",text:\cos(-1710^\circ) = \cos(-1710^\circ + 5 \times 360^\circ) = \cos(-1710^\circ + 1700^\circ) = \cos(-1710^\circ + 1800^\circ) = \cos 90^\circ = 0,display_math,display_math,False,False,False,False,False,False,False,False,False,False,False,False,True,False,medium,,,
133,False,False,1.6094379124341005,1.6094379124341005,= \lim_{y \to 1} \frac{\frac{1}{2} y - \frac{1}{2}}{1} = \frac{1}{2}(1)^{-1} = \frac{1}{2}.,= \lim_{y \to 1} \frac{\frac{1}{2} y^{-\frac{1}{2}}}{1} = \frac{1}{2} (1)^{-1} = \frac{1}{2}.,=\lim _{y \to 1} \frac {\frac {1}{2} y-\frac {1}{2}}{1}=\frac {1}{2}(1)^{-1}=\frac {1}{2},=\lim _{y \to 1} \frac {\frac {1}{2} y^{-\frac {1}{2}}}{1}=\frac {1}{2} (1)^{-1}=\frac {1}{2},text:= \lim_{y \to 1} \frac{\frac{1}{2} y - \frac{1}{2}}{1} = \frac{1}{2}(1)^{-1} = \frac{1}{2},text:= \lim_{y \to 1} \frac{\frac{1}{2} y^{-\frac{1}{2}}}{1} = \frac{1}{2} (1)^{-1} = \frac{1}{2},display_math,display_math,False,False,False,False,False,False,False,False,False,False,False,False,True,False,medium,,,
136,False,False,1.6094379124341005,1.3321790402101223,"2 \times (60 + 40) = 200 \, m","90,000",2*(60+40)=200 m,"90,000","sympy:eq(2*(40 + 60), 200*m)",sympy:90000,display_math,display_math,False,False,False,False,False,False,False,False,True,False,False,False,False,False,medium,,,
152,False,False,1.6094379124341005,1.6094379124341005,"\text{Hence,",d = \frac{|\textcolor{red}{\vec{b_3}} \times \textcolor{red}{\vec{b_4}} \cdot (\textcolor{red}{\vec{a_4}} - \textcolor{red}{\vec{a_3}})|}{|\textcolor{red}{\vec{b_3}} \times \textcolor{red}{\vec{b_4}}|} = \frac{|3 - 0 + 7|}{\sqrt{59}} = \frac{10}{\sqrt{59}},\text {hence,d=\frac {|\vec {b_3}*\vec {b_4}*(\vec {a_4}-\vec {a_3})|}{|\vec {b_3}*\vec {b_4}|}=\frac {|3-0+7|}{\sqrt {59}}=\frac {10}{\sqrt {59}},sympy:text,text:d = \frac{|\textcolor{red}{\vec{b_3}} \times \textcolor{red}{\vec{b_4}} \cdot (\textcolor{red}{\vec{a_4}} - \textcolor{red}{\vec{a_3}})|}{|\textcolor{red}{\vec{b_3}} \times \textcolor{red}{\vec{b_4}}|} = \frac{|3 - 0 + 7|}{\sqrt{59}} = \frac{10}{\sqrt{59}},last_line,display_math,False,False,False,False,False,False,False,False,False,False,False,False,True,False,medium,,,
155,False,False,1.6094379124341005,1.6094379124341005,"\text{Thus,} \\
y &= \left[ \frac{1}{0}, \frac{-2}{5} \right].",Y = \begin{bmatrix} 1 & -2 \\ 0 & 5 \end{bmatrix}.,"thus,y &=[ \frac {1}{0},\frac {-2}{5} ]",y=\begin {bmatrix} 1 &-2 0 & 5 \end {bmatrix},sympy:t*(h*(s*u)),text:y = \begin{bmatrix} 1 -2 0 5 \end{bmatrix},display_math,display_math,False,False,False,False,False,False,False,False,False,False,False,False,True,False,medium,,,
161,False,False,1.0549201679861442,1.0549201679861442,"R \times R \times R = \{(x, y, z) : x, y, z \in R\}","\mathbb{R} \times \mathbb{R} \times \mathbb{R} = \{(x, y, \textcolor{red}{x}) : x, y, \textcolor{red}{x} \in \mathbb{R}\}","r*r*r={(x,y,z) : x,y,z \in r}","\mathbb {r}*\mathbb {r}*\mathbb {r}={(x,y,x) : x,y,x \in \mathbb {r}}","text:r \times r \times r = \{(x, y, z) : x, y, z \in r\}","text:\mathbb{r} \times \mathbb{r} \times \mathbb{r} = \{(x, y, x) : x, y, x \in \mathbb{r}\}",display_math,display_math,False,False,False,False,False,False,False,False,False,True,False,False,True,False,medium,,,
163,False,False,1.6094379124341005,1.6094379124341005,"Hence, \int (\log x \cdot 1) dx = log x \int 1dx - \int [-\frac{1}{x}(log x)] \int 1dx dx \\ = (log x)x - \int \frac{1}{x}dx = x(log x - x + C)","= (\log x) \cdot x - \int \frac{1}{x} \, dx = x \log x - x + C .","hence,\int (\log x*1) dx=log x \int 1dx-\int [-\frac {1}{x}(log x)] \int 1dx dx=(log x)x-\int \frac {1}{x}dx=x(log x-x+c)",=(\log x)*x-\int \frac {1}{x} dx=x \log x-x+c,sympy:h*(e*(n*(c*e))),"text:= (\log x) \cdot x - \int \frac{1}{x} \, dx = x \log x - x + c",last_line,display_math,False,False,False,False,False,False,False,False,False,False,False,False,True,False,medium,,,
170,False,False,0.5004024235381879,0.5004024235381879,"Finally, (iv) matches (b)",(b),"finally,(iv) matches (b)",(b),"text:finally, (iv) matches (b)",sympy:b,last_line,display_math,True,False,False,False,False,True,True,False,True,False,False,False,False,False,medium,,,
174,False,False,1.0549201679861442,1.0549201679861442,\overrightarrow{OR} = \lambda\vec{b} - \vec{a} = \frac{2(\vec{a} + \vec{b}) - (3\vec{a} - 2\vec{b})}{2-1},\overline{OR} = \textcolor{red}{4\vec{b} - \vec{a} = \frac{2(\vec{a} + \vec{b}) - (3\vec{a} - 2\vec{b})}{2 - 1}},\overrightarrow {or}=\lambda \vec {b}-\vec {a}=\frac {2(\vec {a}+\vec {b})-(3\vec {a}-2\vec {b})}{2-1},\overline {or}=4\vec {b}-\vec {a}=\frac {2(\vec {a}+\vec {b})-(3\vec {a}-2\vec {b})}{2-1},text:\overrightarrow{or} = \lambda\vec{b} - \vec{a} = \frac{2(\vec{a} + \vec{b}) - (3\vec{a} - 2\vec{b})}{2-1},"sympy:eq(conjugate(o*r), textcolor*(r*(d*e)))",display_math,display_math,False,False,False,False,False,False,False,False,False,False,False,False,True,False,medium,,,
175,False,False,1.6094379124341005,1.6094379124341005,= \begin{bmatrix} -1 & 5 & \frac{3}{6} \\ \end{bmatrix}.,= \begin{bmatrix} -1 & 5 & 3 \\ 5 & 6 & 0 \end{bmatrix}.,=\begin {bmatrix}-1 & 5 & \frac {3}{6} \end {bmatrix},=\begin {bmatrix}-1 & 5 & 3 5 & 6 & 0 \end {bmatrix},text:= \begin{bmatrix} -1 5 \frac{3}{6} \end{bmatrix},text:= \begin{bmatrix} -1 5 3 5 6 0 \end{bmatrix},display_math,display_math,False,False,False,False,False,False,False,False,False,False,False,False,True,False,medium,,,
187,False,False,0.9502705392332347,0.9502705392332347,"X \cup Y = \{ Ram, Geeta, Akbar, David, Ashok \}","X \cup Y = \{ \text{Ram, Geeta, Akbar, David, \textcolor{red}{Ashok}}","x \cup y={ ram,geeta,akbar,david,ashok }","x \cup y={ ram,geeta,akbar,david,ashok","text:x \cup y = \{ ram, geeta, akbar, david, ashok \}","text:x \cup y = \{ \text{ram, geeta, akbar, david, ashok}",display_math,display_math,False,False,False,False,False,False,False,False,False,True,False,False,True,False,medium,,,
194,True,True,0.0,0.6730116670092565,"(a,c) \in R","(a,c) \in R","(a,c) \in r","(a,c) \in r","text:(a,c) \in r","text:(a,c) \in r",display_math,display_math,False,True,False,False,False,False,False,False,True,True,False,False,False,False,medium,,,
202,False,False,1.6094379124341005,1.6094379124341005,"Therefore, the function f is increasing on R",\mathbb{R},"therefore,the function f is increasing on r",\mathbb {r},"text:therefore, the function f is increasing on r",sympy:mathbb*r,last_line,display_math,False,False,False,False,False,False,False,False,True,False,False,False,True,False,medium,,,
211,False,False,1.6094379124341005,1.6094379124341005,7\hat{a} = 7\left( \frac{1}{\sqrt{5}}\hat{i} - \frac{2}{\sqrt{5}}\hat{j} \right) = \frac{7}{\sqrt{5}}\hat{i} - \frac{14}{\sqrt{5}}\hat{j}.,7\hat{a} = 7 \left( \frac{1}{\sqrt{5}} \hat{i} - \frac{2}{\sqrt{5}} \hat{j} \right) = \frac{7}{\sqrt{5}} \hat{i} - \frac{14}{\sqrt{5}} \hat{j} \textcolor{red}{\text{ cm}}.,7\hat {a}=7 ( \frac {1}{\sqrt {5}}\hat {i}-\frac {2}{\sqrt {5}}\hat {j} )=\frac {7}{\sqrt {5}}\hat {i}-\frac {14}{\sqrt {5}}\hat {j},7\hat {a}=7 ( \frac {1}{\sqrt {5}} \hat {i}-\frac {2}{\sqrt {5}} \hat {j} )=\frac {7}{\sqrt {5}} \hat {i}-\frac {14}{\sqrt {5}} \hat {j} cm,text:7\hat{a} = 7( \frac{1}{\sqrt{5}}\hat{i} - \frac{2}{\sqrt{5}}\hat{j} ) = \frac{7}{\sqrt{5}}\hat{i} - \frac{14}{\sqrt{5}}\hat{j},text:7\hat{a} = 7 ( \frac{1}{\sqrt{5}} \hat{i} - \frac{2}{\sqrt{5}} \hat{j} ) = \frac{7}{\sqrt{5}} \hat{i} - \frac{14}{\sqrt{5}} \hat{j} cm,display_math,display_math,False,False,False,False,False,False,False,False,False,False,False,False,True,False,medium,,,
220,False,False,1.6094379124341005,1.6094379124341005,"\{(x, y, z) : (x, y, z \in R) \}","\mathbb{R} \times \mathbb{R} \times \mathbb{R} = \{(x, y, z) : x, y, \textcolor{red}{z} \in \mathbb{R}\}","{(x,y,z) : (x,y,z \in r) }","\mathbb {r}*\mathbb {r}*\mathbb {r}={(x,y,z) : x,y,z \in \mathbb {r}}","text:\{(x, y, z) : (x, y, z \in r) \}","text:\mathbb{r} \times \mathbb{r} \times \mathbb{r} = \{(x, y, z) : x, y, z \in \mathbb{r}\}",display_math,display_math,False,False,False,False,False,False,False,False,True,True,False,False,True,False,medium,,,
221,False,False,0.9502705392332347,0.9502705392332347,"Therefore, Number of boys = 15",\textcolor{red}{\text{Number of boys}} = \textcolor{red}{15},"therefore,number of boys=15",number of boys=15,"text:therefore, number of boys = 15",text:number of boys = 15,last_line,display_math,False,False,False,False,False,False,False,False,False,False,False,False,True,False,medium,,,
228,False,False,1.6094379124341005,1.6094379124341005,& \quad \quad \frac{1}{M_{1}} \times \frac{1}{M_{2}} = -1 \implies \frac{1}{M_{1}} \times \frac{1}{M_{2}} = -1 \text{ or } x = -6,\frac{1}{3} \times \frac{12}{x - 8} = -1 \quad \text{or} \quad x = 4.,& \frac {1}{m_{1}}*\frac {1}{m_{2}}=-1 \implies \frac {1}{m_{1}}*\frac {1}{m_{2}}=-1 or x=-6,\frac {1}{3}*\frac {12}{x-8}=-1 or x=4,text:\frac{1}{m_{1}} \times \frac{1}{m_{2}} = -1 \implies \frac{1}{m_{1}} \times \frac{1}{m_{2}} = -1 or x = -6,text:\frac{1}{3} \times \frac{12}{x - 8} = -1 or x = 4,last_line,display_math,False,False,False,False,False,False,False,False,False,False,False,False,True,False,medium,,,
231,False,False,1.6094379124341005,1.6094379124341005,\frac{1}{|\vec{b}|}(\vec{a}.\vec{b}) = \frac{10}{\sqrt{6}} = \frac{5}{3}\sqrt{6},\frac{1}{|\vec{b}|} (\vec{a} \cdot \vec{b}) = \frac{10}{\sqrt{6}} = \frac{5}{3}\sqrt{6},\frac {1}{|\vec {b}|}(\vec {a}.\vec {b})=\frac {10}{\sqrt {6}}=\frac {5}{3}\sqrt {6},\frac {1}{|\vec {b}|} (\vec {a}*\vec {b})=\frac {10}{\sqrt {6}}=\frac {5}{3}\sqrt {6},sympy:1/abs(b*vec),text:\frac{1}{|\vec{b}|} (\vec{a} \cdot \vec{b}) = \frac{10}{\sqrt{6}} = \frac{5}{3}\sqrt{6},display_math,display_math,False,False,False,False,False,False,False,False,False,False,False,False,True,False,medium,,,
235,False,False,1.3321790402101223,1.6094379124341005,\overrightarrow{OR} = \frac{2(\vec{a} + \vec{b}) - (3\vec{a} - 2\vec{b})}{2-1} = 5\vec{b} - \vec{a}.,\overline{OR} = \frac{2(\vec{a} + \vec{b}) - (3\vec{a} - \textcolor{red}{3}\vec{b})}{2 - 1} = \textcolor{red}{5\vec{b}} - \vec{a},\overrightarrow {or}=\frac {2(\vec {a}+\vec {b})-(3\vec {a}-2\vec {b})}{2-1}=5\vec {b}-\vec {a},\overline {or}=\frac {2(\vec {a}+\vec {b})-(3\vec {a}-3\vec {b})}{2-1}=5\vec {b}-\vec {a},text:\overrightarrow{or} = \frac{2(\vec{a} + \vec{b}) - (3\vec{a} - 2\vec{b})}{2-1} = 5\vec{b} - \vec{a},text:\overline{or} = \frac{2(\vec{a} + \vec{b}) - (3\vec{a} - 3\vec{b})}{2 - 1} = \textcolor{red}{5\vec{b}} - \vec{a},display_math,display_math,False,False,False,False,False,False,False,False,False,False,False,False,True,False,medium,,,
236,False,False,1.3321790402101223,1.3321790402101223,-2 \times 5 = 10 = \frac{\text{constant term}}{1},\text{product of zeroes} = (-2) \times (-5) = 10 = \frac{\text{Constant term}}{1} \text{ (Coefficient of } \textcolor{red}{y}^2\text{)}.,<parse_failure>,product of zeroes=(-2)*(-5)=10=\frac {constant term}{1} (coefficient of y^2),text:-2 \times 5 = 10 = \frac{constant term}{1},text:product of zeroes = (-2) \times (-5) = 10 = \frac{constant term}{1} (coefficient of y^2),display_math,display_math,False,False,False,False,False,False,False,False,False,False,False,False,True,False,medium,,,
249,False,False,0.9502705392332347,0.5004024235381879,\frac{d}{dx}(a^x) = a^x \log a,\frac{d}{dx}(a^x) = a^x \textcolor{red}{x \log a},\frac {d}{dx}(a^x)=a^x \log a,\frac {d}{dx}(a^x)=a^x x \log a,"sympy:eq(derivative(a**x, x), a**x*log(a, e))","sympy:eq(derivative(a**x, x), a**x*(x*log(a, e)))",display_math,display_math,False,False,False,False,False,False,False,False,False,False,False,True,False,False,medium,,,
251,False,False,1.3321790402101223,1.3321790402101223,"\{1, -2\}","\{\textcolor{red}{y}, -2\}","{1,-2}","{y,-2}","text:\{1, -2\}","text:\{y, -2\}",display_math,display_math,False,False,False,False,False,False,False,False,True,True,False,False,False,False,medium,,,
253,False,False,1.6094379124341005,1.6094379124341005,\dfrac{dy}{dx} = \dfrac{\dfrac{dy}{d\theta}}{\dfrac{dx}{d\theta}} = \dfrac{3a\sin^{5}\theta\cos\theta}{-3a\cos^{5}\theta\sin\theta} = -\tan\theta = -\dfrac{3\sqrt{y}}{x},\frac{dy}{dx} = \frac{dy/d\theta}{dx/d\theta} = \frac{3a \sin^2 \theta \cos \theta}{-3a \cos^2 \theta \sin \theta} = -\tan \theta = -\frac{\sqrt[3]{y}}{x},\dfrac {dy}{dx}=\dfrac {\dfrac {dy}{d\theta }}{\dfrac {dx}{d\theta }}=\dfrac {3a\sin ^{5}\theta \cos \theta }{-3a\cos ^{5}\theta \sin \theta }=-\tan \theta=-\dfrac {3\sqrt {y}}{x},\frac {dy}{dx}=\frac {dy/d\theta }{dx/d\theta }=\frac {3a \sin ^2 \theta \cos \theta }{-3a \cos ^2 \theta \sin \theta }=-\tan \theta=-\frac {\sqrt [3]{y}}{x},text:\dfrac{dy}{dx} = \dfrac{\dfrac{dy}{d\theta}}{\dfrac{dx}{d\theta}} = \dfrac{3a\sin^{5}\theta\cos\theta}{-3a\cos^{5}\theta\sin\theta} = -\tan\theta = -\dfrac{3\sqrt{y}}{x},text:\frac{dy}{dx} = \frac{dy/d\theta}{dx/d\theta} = \frac{3a \sin^2 \theta \cos \theta}{-3a \cos^2 \theta \sin \theta} = -\tan \theta = -\frac{\sqrt[3]{y}}{x},display_math,display_math,False,False,False,False,False,False,False,False,False,False,False,True,True,False,medium,,,
262,False,False,1.6094379124341005,1.6094379124341005,= 7 + 84 + 210 + 140 + 1 = 442,\binom{4}{3} \times \binom{7}{2} + \binom{4}{4} \times \binom{7}{1} = 84 + 7 = 91,=7+84+210+140+1=442,\binom {4}{3}*\binom {7}{2}+\binom {4}{4}*\binom {7}{1}=84+7=91,text:= 7 + 84 + 210 + 140 + 1 = 442,text:\binom{4}{3} \times \binom{7}{2} + \binom{4}{4} \times \binom{7}{1} = 84 + 7 = 91,display_math,display_math,False,False,False,False,False,False,False,False,False,False,False,False,True,False,medium,,,
278,False,False,1.3321790402101223,1.3321790402101223,\frac{12.5}{2.5} = \frac{125}{25} = 5,\text{Number of sides} = \frac{12.5}{2.5} = \frac{125}{25} = 5,\frac {12.5}{2.5}=\frac {125}{25}=5,number of sides=\frac {12.5}{2.5}=\frac {125}{25}=5,text:\frac{12.5}{2.5} = \frac{125}{25} = 5,text:number of sides = \frac{12.5}{2.5} = \frac{125}{25} = 5,display_math,display_math,False,False,False,False,False,False,False,False,False,False,False,False,True,False,medium,,,
279,False,False,1.3321790402101223,1.3321790402101223,The polygon has 6 sides,\text{Number of sides} = \frac{12.5}{2.5} = \frac{125}{25} = 5,the polygon has 6 sides,number of sides=\frac {12.5}{2.5}=\frac {125}{25}=5,text:the polygon has 6 sides,text:number of sides = \frac{12.5}{2.5} = \frac{125}{25} = 5,last_line,display_math,False,False,False,False,False,False,False,False,False,False,False,False,True,False,medium,,,
287,False,False,1.6094379124341005,1.6094379124341005,= -\frac{1}{3}\tan^{-1}(x) + \frac{2}{3}\tan^{-1}\left(\frac{5}{2}\right) + C,= -\frac{1}{3} \tan^{-1}(x) + \frac{2}{3} \tan^{-1}\left(\frac{x}{2}\right) + C,=-\frac {1}{3}\tan ^{-1}(x)+\frac {2}{3}\tan ^{-1} (\frac {5}{2} )+c,=-\frac {1}{3} \tan ^{-1}(x)+\frac {2}{3} \tan ^{-1} (\frac {x}{2} )+c,text:= -\frac{1}{3}\tan^{-1}(x) + \frac{2}{3}\tan^{-1}(\frac{5}{2}) + c,text:= -\frac{1}{3} \tan^{-1}(x) + \frac{2}{3} \tan^{-1}(\frac{x}{2}) + c,display_math,display_math,False,False,False,False,False,False,False,False,False,False,False,False,True,False,medium,,,
290,False,False,1.3321790402101223,0.9502705392332347,"\left(0, -\frac{13}{3}\right).","\left( 0, -\frac{13}{3} \right).","(0,-\frac {13}{3} )","( 0,-\frac {13}{3} )","text:(0, -\frac{13}{3})","text:( 0, -\frac{13}{3} )",display_math,display_math,False,False,False,False,False,False,False,False,True,False,False,False,False,False,medium,,,
296,False,False,1.3321790402101223,0.9502705392332347,"\int_{0}^{\pi} \log \sin t \, dt = -\pi \log 2","\int_0^{\frac{\pi}{2}} \log \sin x \, dx = -\frac{\pi}{2} \log 2.",\int _{0}^{\pi } \log \sin t dt=-\pi \log 2,\int _0^{\frac {\pi }{2}} \log \sin x dx=-\frac {\pi }{2} \log 2,"sympy:eq(integral(log(sin(t), e), (t, 0, pi)), -pi*log(2, e))","sympy:eq(integral(log(sin(x), e), (x, 0, pi/2)), -pi/2*log(2, e))",display_math,display_math,False,False,False,False,False,False,False,False,False,False,False,False,True,False,medium,,,
3,True,True,0.9502705392332347,0.9502705392332347,option a,option a,option a,option a,text:option a,text:option a,option,option,True,True,False,False,False,True,False,False,False,False,False,False,False,False,low,,,
5,True,True,0.0,0.0,option a,option a,option a,option a,text:option a,text:option a,option,option,True,True,False,False,False,True,False,False,False,False,False,False,False,False,low,,,
6,True,True,0.0,0.0,option a,option a,option a,option a,text:option a,text:option a,option,option,True,True,False,False,False,True,False,False,False,False,False,False,False,False,low,,,
11,True,True,0.0,0.0,option b,option b,option b,option b,text:option b,text:option b,option,option,True,True,False,False,False,True,False,False,False,False,False,False,False,False,low,,,
14,False,False,1.3321790402101223,1.3321790402101223,①,\Rightarrow x = 4.5,①,\rightarrow x=4.5,text:①,text:\rightarrow x = 4.5,boxed,display_math,True,False,False,False,False,False,True,False,False,False,False,False,False,False,low,,,
18,True,True,0.5004024235381879,0.5004024235381879,option c,option c,option c,option c,text:option c,text:option c,option,option,True,True,False,False,False,True,False,False,False,False,False,False,False,False,low,,,
25,False,False,1.3321790402101223,1.3321790402101223,2x = 10,option d,2x=10,option d,"sympy:eq(2*x, 10)",text:option d,display_math,option,True,False,False,False,False,True,False,False,False,False,False,False,False,False,low,,,
28,True,True,0.9502705392332347,0.9502705392332347,option b,option b,option b,option b,text:option b,text:option b,option,option,True,True,False,False,False,True,False,False,False,False,False,False,False,False,low,,,
29,True,True,0.0,0.0,option b,option b,option b,option b,text:option b,text:option b,option,option,True,True,False,False,False,True,False,False,False,False,False,False,False,False,low,,,
42,True,True,0.0,0.0,option b,option b,option b,option b,text:option b,text:option b,option,option,True,True,False,False,False,True,False,False,False,False,False,False,False,False,low,,,
44,True,True,0.0,0.0,option a,option a,option a,option a,text:option a,text:option a,option,option,True,True,False,False,False,True,False,False,False,False,False,False,False,False,low,,,
46,True,True,0.0,0.0,option d,option d,option d,option d,text:option d,text:option d,option,option,True,True,False,False,False,True,False,False,False,False,False,False,False,False,low,,,
48,True,True,0.5004024235381879,0.5004024235381879,option b,option b,option b,option b,text:option b,text:option b,option,option,True,True,False,False,False,True,False,False,False,False,False,False,False,False,low,,,
51,True,True,0.5004024235381879,0.5004024235381879,option d,option d,option d,option d,text:option d,text:option d,option,option,True,True,False,False,False,True,False,False,False,False,False,False,False,False,low,,,
69,True,True,0.0,0.0,option d,option d,option d,option d,text:option d,text:option d,option,option,True,True,False,False,False,True,False,False,False,False,False,False,False,False,low,,,
78,True,True,1.3321790402101223,1.3321790402101223,option b,option b,option b,option b,text:option b,text:option b,option,option,True,True,False,False,False,True,False,False,False,False,False,False,False,False,low,,,
79,True,True,0.0,0.0,option b,option b,option b,option b,text:option b,text:option b,option,option,True,True,False,False,False,True,False,False,False,False,False,False,False,False,low,,,
85,True,True,0.0,0.0,option b,option b,option b,option b,text:option b,text:option b,option,option,True,True,False,False,False,True,False,False,False,False,False,False,False,False,low,,,
86,True,True,0.5004024235381879,0.5004024235381879,option a,option a,option a,option a,text:option a,text:option a,option,option,True,True,False,False,False,True,False,False,False,False,False,False,False,False,low,,,
93,False,False,1.3321790402101223,1.3321790402101223,2520 + 20 = 2540,option d,2520+20=2540,option d,text:2520 + 20 = 2540,text:option d,display_math,option,True,False,False,False,False,True,False,False,False,False,False,False,False,False,low,,,
96,True,True,0.0,0.0,option b,option b,option b,option b,text:option b,text:option b,option,option,True,True,False,False,False,True,False,False,False,False,False,False,False,False,low,,,
122,True,True,0.0,0.0,option c,option c,option c,option c,text:option c,text:option c,option,option,True,True,False,False,False,True,False,False,False,False,False,False,False,False,low,,,
128,True,True,0.0,0.0,option d,option d,option d,option d,text:option d,text:option d,option,option,True,True,False,False,False,True,False,False,False,False,False,False,False,False,low,,,
134,True,True,0.0,0.0,option a,option a,option a,option a,text:option a,text:option a,option,option,True,True,False,False,False,True,False,False,False,False,False,False,False,False,low,,,
139,True,True,0.0,0.0,option b,option b,option b,option b,text:option b,text:option b,option,option,True,True,False,False,False,True,False,False,False,False,False,False,False,False,low,,,
141,True,True,0.0,0.0,option d,option d,option d,option d,text:option d,text:option d,option,option,True,True,False,False,False,True,False,False,False,False,False,False,False,False,low,,,
143,True,True,0.0,0.0,option b,option b,option b,option b,text:option b,text:option b,option,option,True,True,False,False,False,True,False,False,False,False,False,False,False,False,low,,,
146,True,True,0.9502705392332347,0.9502705392332347,option c,option c,option c,option c,text:option c,text:option c,option,option,True,True,False,False,False,True,False,False,False,False,False,False,False,False,low,,,
153,True,True,0.0,0.0,option b,option b,option b,option b,text:option b,text:option b,option,option,True,True,False,False,False,True,False,False,False,False,False,False,False,False,low,,,
154,True,True,0.5004024235381879,0.5004024235381879,option c,option c,option c,option c,text:option c,text:option c,option,option,True,True,False,False,False,True,False,False,False,False,False,False,False,False,low,,,
173,False,False,0.5004024235381879,0.5004024235381879,2x = 10,option d,2x=10,option d,"sympy:eq(2*x, 10)",text:option d,display_math,option,True,False,False,False,False,True,False,False,False,False,False,False,False,False,low,,,
178,True,True,0.0,0.0,option b,option b,option b,option b,text:option b,text:option b,option,option,True,True,False,False,False,True,False,False,False,False,False,False,False,False,low,,,
195,True,True,0.0,0.0,R,R,r,r,sympy:r,sympy:r,display_math,display_math,True,True,False,False,False,False,True,False,False,False,False,False,False,False,low,,,
196,True,True,0.5004024235381879,0.5004024235381879,option b,option b,option b,option b,text:option b,text:option b,option,option,True,True,False,False,False,True,False,False,False,False,False,False,False,False,low,,,
201,True,True,0.6730116670092565,0.6730116670092565,option b,option b,option b,option b,text:option b,text:option b,option,option,True,True,False,False,False,True,False,False,False,False,False,False,False,False,low,,,
205,True,True,0.9502705392332347,0.9502705392332347,option c,option c,option c,option c,text:option c,text:option c,option,option,True,True,False,False,False,True,False,False,False,False,False,False,False,False,low,,,
213,True,True,0.0,0.0,option c,option c,option c,option c,text:option c,text:option c,option,option,True,True,False,False,False,True,False,False,False,False,False,False,False,False,low,,,
214,True,True,0.0,0.0,option a,option a,option a,option a,text:option a,text:option a,option,option,True,True,False,False,False,True,False,False,False,False,False,False,False,False,low,,,
218,False,False,0.0,0.0,option a,\text{A},option a,a,text:option a,sympy:a,option,display_math,True,False,False,False,False,True,True,False,False,False,False,False,False,False,low,,,
226,True,True,0.5004024235381879,0.5004024235381879,option b,option b,option b,option b,text:option b,text:option b,option,option,True,True,False,False,False,True,False,False,False,False,False,False,False,False,low,,,
233,True,True,0.0,0.0,option a,option a,option a,option a,text:option a,text:option a,option,option,True,True,False,False,False,True,False,False,False,False,False,False,False,False,low,,,
237,False,False,0.6730116670092565,0.6730116670092565,"x = 3, -3",(b),"x=3,-3",(b),"sympy:eq(x, 3)",sympy:b,display_math,display_math,True,False,False,False,False,True,True,False,False,False,False,False,False,False,low,,,
247,True,True,0.0,0.0,option d,option d,option d,option d,text:option d,text:option d,option,option,True,True,False,False,False,True,False,False,False,False,False,False,False,False,low,,,
252,True,True,0.5004024235381879,0.5004024235381879,option c,option c,option c,option c,text:option c,text:option c,option,option,True,True,False,False,False,True,False,False,False,False,False,False,False,False,low,,,
261,True,True,0.9502705392332347,0.9502705392332347,option c,option c,option c,option c,text:option c,text:option c,option,option,True,True,False,False,False,True,False,False,False,False,False,False,False,False,low,,,
266,True,True,0.6730116670092565,0.6730116670092565,option d,option d,option d,option d,text:option d,text:option d,option,option,True,True,False,False,False,True,False,False,False,False,False,False,False,False,low,,,
267,True,True,0.5004024235381879,0.5004024235381879,option b,option b,option b,option b,text:option b,text:option b,option,option,True,True,False,False,False,True,False,False,False,False,False,False,False,False,low,,,
268,True,True,0.5004024235381879,0.5004024235381879,option a,option a,option a,option a,text:option a,text:option a,option,option,True,True,False,False,False,True,False,False,False,False,False,False,False,False,low,,,
270,True,True,0.0,0.0,option b,option b,option b,option b,text:option b,text:option b,option,option,True,True,False,False,False,True,False,False,False,False,False,False,False,False,low,,,
283,True,True,0.5004024235381879,0.5004024235381879,option c,option c,option c,option c,text:option c,text:option c,option,option,True,True,False,False,False,True,False,False,False,False,False,False,False,False,low,,,
286,True,True,0.9502705392332347,0.9502705392332347,option c,option c,option c,option c,text:option c,text:option c,option,option,True,True,False,False,False,True,False,False,False,False,False,False,False,False,low,,,
292,True,True,0.5004024235381879,0.5004024235381879,option d,option d,option d,option d,text:option d,text:option d,option,option,True,True,False,False,False,True,False,False,False,False,False,False,False,False,low,,,
